{"v":"5.7.4","fr":20,"ip":0,"op":100,"w":1521,"h":1080,"nm":"workspace","ddd":0,"assets":[],"layers":[{"ddd":0,"ind":1,"ty":3,"nm":"Null 1","sr":1,"ks":{"o":{"a":0,"k":0,"ix":11},"r":{"a":0,"k":0,"ix":10},"p":{"a":0,"k":[760.5,540,0],"ix":2,"l":2},"a":{"a":0,"k":[0,0,0],"ix":1,"l":2},"s":{"a":1,"k":[{"i":{"x":[0.833,0.833,0.833],"y":[0.833,0.833,0.833]},"o":{"x":[0.167,0.167,0.167],"y":[0.167,0.167,0.167]},"t":0,"s":[180,180,100]},{"t":99,"s":[200,200,100]}],"ix":6,"l":2}},"ao":0,"ip":0,"op":100,"st":0,"bm":0},{"ddd":0,"ind":2,"ty":4,"nm":"glasses","parent":1,"sr":1,"ks":{"o":{"a":0,"k":100,"ix":11},"r":{"a":0,"k":0,"ix":10},"p":{"a":1,"k":[{"i":{"x":0.011,"y":1},"o":{"x":0.436,"y":0},"t":30,"s":[-507,11.673,0],"to":[42.794,0,0],"ti":[-42.794,0,0]},{"t":50,"s":[-250.234,11.673,0]}],"ix":2,"l":2},"a":{"a":0,"k":[74.084,27.469,0],"ix":1,"l":2},"s":{"a":0,"k":[67,67,100],"ix":6,"l":2}},"ao":0,"shapes":[{"ty":"gr","it":[{"ind":0,"ty":"sh","ix":1,"ks":{"a":0,"k":{"i":[[0,0],[0,0],[0,0],[3.033,0],[0,0],[0,3.033]],"o":[[0,0],[0,0],[0,3.033],[0,0],[-3.033,0],[0,0]],"v":[[-56.247,-9.125],[-9.749,-9.125],[-9.749,11.124],[-15.249,16.624],[-50.747,16.624],[-56.247,11.124]],"c":true},"ix":2},"nm":"Path 1","mn":"ADBE Vector Shape - Group","hd":false},{"ind":1,"ty":"sh","ix":2,"ks":{"a":0,"k":{"i":[[0,0],[0,0],[0,0],[3.033,0],[0,0],[0,3.033]],"o":[[0,0],[0,0],[0,3.033],[0,0],[-3.033,0],[0,0]],"v":[[9.753,-9.125],[56.251,-9.125],[56.251,11.124],[50.751,16.624],[15.253,16.624],[9.753,11.124]],"c":true},"ix":2},"nm":"Path 2","mn":"ADBE Vector Shape - Group","hd":false},{"ind":2,"ty":"sh","ix":3,"ks":{"a":0,"k":{"i":[[4.411,0],[0,0],[0,-4.411],[0,0],[-2.296,-1.422],[0,-0.316],[0,0],[-7.995,0],[0,0],[0,7.996],[0,0],[0,0],[0,0],[-7.995,0],[0,0],[0,7.996],[0,0],[0.022,0.321],[0,2.836],[0,0]],"o":[[0,0],[-4.411,0],[0,0],[0,2.838],[-0.022,0.32],[0,0],[0,7.996],[0,0],[7.995,0],[0,0],[0,0],[0,0],[0,7.996],[0,0],[7.995,0],[0,0],[0,-0.317],[2.295,-1.422],[0,0],[0,-4.411]],"v":[[60.997,-25.624],[-60.997,-25.624],[-68.997,-17.624],[-68.997,-17.125],[-65.214,-10.331],[-65.247,-9.375],[-65.247,11.124],[-50.747,25.624],[-15.249,25.624],[-0.749,11.124],[-0.749,-9.125],[0.753,-9.125],[0.753,11.124],[15.253,25.624],[50.751,25.624],[65.251,11.124],[65.251,-9.375],[65.217,-10.334],[68.997,-17.125],[68.997,-17.624]],"c":true},"ix":2},"nm":"Path 3","mn":"ADBE Vector Shape - Group","hd":false},{"ind":3,"ty":"sh","ix":4,"ks":{"a":0,"k":{"i":[[-4.687,0],[0,0],[0,4.687],[0,0],[0.297,0.863],[0,0],[0,-0.963],[0,0]],"o":[[0,0],[4.687,0],[0,0],[0,-0.963],[0,0],[-0.297,0.863],[0,0],[0,4.688]],"v":[[-50.747,19.624],[-15.249,19.624],[-6.749,11.124],[-6.749,-9.375],[-7.215,-12.125],[-58.782,-12.125],[-59.247,-9.375],[-59.247,11.124]],"c":true},"ix":2},"nm":"Path 4","mn":"ADBE Vector Shape - Group","hd":false},{"ind":4,"ty":"sh","ix":5,"ks":{"a":0,"k":{"i":[[-4.687,0],[0,0],[0,4.687],[0,0],[0.297,0.863],[0,0],[0,-0.963],[0,0]],"o":[[0,0],[4.687,0],[0,0],[0,-0.963],[0,0],[-0.297,0.863],[0,0],[0,4.688]],"v":[[15.253,19.624],[50.751,19.624],[59.251,11.124],[59.251,-9.375],[58.785,-12.125],[7.219,-12.125],[6.753,-9.375],[6.753,11.124]],"c":true},"ix":2},"nm":"Path 5","mn":"ADBE Vector Shape - Group","hd":false},{"ind":5,"ty":"sh","ix":6,"ks":{"a":0,"k":{"i":[[0,0],[0,-2.761],[0,0],[2.338,-0.418],[0,-0.981],[0,0],[6.341,0],[0,0],[0,6.342],[0,0],[-0.218,0.883],[0,0],[0,-0.949],[0,0],[6.341,0],[0,0],[0,6.342],[0,0],[-0.232,0.91],[0,2.459],[0,0],[-2.762,0]],"o":[[2.762,0],[0,0],[0,2.459],[0.232,0.91],[0,0],[0,6.342],[0,0],[-6.341,0],[0,0],[0,-0.949],[0,0],[0.218,0.883],[0,0],[0,6.342],[0,0],[-6.341,0],[0,0],[0,-0.98],[-2.339,-0.418],[0,0],[0,-2.761],[0,0]],"v":[[60.997,-22.624],[65.997,-17.624],[65.997,-17.125],[61.882,-12.215],[62.251,-9.375],[62.251,11.124],[50.751,22.624],[15.253,22.624],[3.753,11.124],[3.753,-9.375],[4.1,-12.125],[-4.096,-12.125],[-3.749,-9.375],[-3.749,11.124],[-15.249,22.624],[-50.747,22.624],[-62.247,11.124],[-62.247,-9.375],[-61.879,-12.214],[-65.997,-17.125],[-65.997,-17.624],[-60.997,-22.624]],"c":true},"ix":2},"nm":"Path 6","mn":"ADBE Vector Shape - Group","hd":false},{"ty":"mm","mm":1,"nm":"Merge Paths 1","mn":"ADBE Vector Filter - Merge","hd":false},{"ty":"fl","c":{"a":0,"k":[0.854332359164,0.858271879308,0.905879480699,1],"ix":4},"o":{"a":0,"k":100,"ix":5},"r":1,"bm":0,"nm":"Fill 1","mn":"ADBE Vector Graphic - Fill","hd":false},{"ty":"tr","p":{"a":0,"k":[73.364,25.874],"ix":2},"a":{"a":0,"k":[0,0],"ix":1},"s":{"a":0,"k":[100,100],"ix":3},"r":{"a":0,"k":0,"ix":6},"o":{"a":0,"k":100,"ix":7},"sk":{"a":0,"k":0,"ix":4},"sa":{"a":0,"k":0,"ix":5},"nm":"Transform"}],"nm":"Group 1","np":8,"cix":2,"bm":0,"ix":1,"mn":"ADBE Vector Group","hd":false},{"ty":"gr","it":[{"ind":0,"ty":"sh","ix":1,"ks":{"a":0,"k":{"i":[[0,0],[0,-0.417],[0,0],[-3.859,0],[0,0],[0,3.861],[0,0],[0.077,0.415]],"o":[[-0.077,0.415],[0,0],[0,3.861],[0,0],[3.859,0],[0,0],[0,-0.417],[0,0]],"v":[[-57.631,-10.625],[-57.747,-9.375],[-57.747,11.124],[-50.747,18.124],[-15.249,18.124],[-8.249,11.124],[-8.249,-9.375],[-8.365,-10.625]],"c":true},"ix":2},"nm":"Path 1","mn":"ADBE Vector Shape - Group","hd":false},{"ind":1,"ty":"sh","ix":2,"ks":{"a":0,"k":{"i":[[0,0],[0,-0.417],[0,0],[-3.859,0],[0,0],[0,3.861],[0,0],[0.077,0.415]],"o":[[-0.077,0.415],[0,0],[0,3.861],[0,0],[3.859,0],[0,0],[0,-0.417],[0,0]],"v":[[8.369,-10.625],[8.253,-9.375],[8.253,11.124],[15.253,18.124],[50.751,18.124],[57.751,11.124],[57.751,-9.375],[57.634,-10.625]],"c":true},"ix":2},"nm":"Path 2","mn":"ADBE Vector Shape - Group","hd":false},{"ind":2,"ty":"sh","ix":3,"ks":{"a":0,"k":{"i":[[0,0],[0,7.17],[0,0],[-0.043,0.421],[0,0],[0,-0.412],[0,0],[7.168,0],[0,0],[0,7.17],[0,0],[-0.089,0.61],[0,2.623],[0,0],[-3.584,0],[0,0],[0,-3.584],[0,0],[2.317,-1.015],[0,-0.595],[0,0],[7.168,0]],"o":[[-7.168,0],[0,0],[0,-0.412],[0,0],[0.043,0.421],[0,0],[0,7.17],[0,0],[-7.168,0],[0,0],[0,-0.595],[-2.318,-1.015],[0,0],[0,-3.584],[0,0],[3.584,0],[0,0],[0,2.622],[0.089,0.609],[0,0],[0,7.17],[0,0]],"v":[[15.253,24.124],[2.253,11.124],[2.253,-9.375],[2.317,-10.625],[-2.314,-10.625],[-2.25,-9.375],[-2.25,11.124],[-15.25,24.124],[-50.747,24.124],[-63.747,11.124],[-63.747,-9.375],[-63.613,-11.184],[-67.496,-17.125],[-67.496,-17.624],[-60.996,-24.124],[60.996,-24.124],[67.496,-17.624],[67.496,-17.125],[63.617,-11.184],[63.751,-9.375],[63.751,11.124],[50.751,24.124]],"c":true},"ix":2},"nm":"Path 3","mn":"ADBE Vector Shape - Group","hd":false},{"ty":"mm","mm":1,"nm":"Merge Paths 1","mn":"ADBE Vector Filter - Merge","hd":false},{"ty":"fl","c":{"a":0,"k":[0.262546763701,0.207237183814,0.343636995203,1],"ix":4},"o":{"a":0,"k":100,"ix":5},"r":1,"bm":0,"nm":"Fill 1","mn":"ADBE Vector Graphic - Fill","hd":false},{"ty":"tr","p":{"a":0,"k":[73.364,25.874],"ix":2},"a":{"a":0,"k":[0,0],"ix":1},"s":{"a":0,"k":[100,100],"ix":3},"r":{"a":0,"k":0,"ix":6},"o":{"a":0,"k":100,"ix":7},"sk":{"a":0,"k":0,"ix":4},"sa":{"a":0,"k":0,"ix":5},"nm":"Transform"}],"nm":"Group 2","np":5,"cix":2,"bm":0,"ix":2,"mn":"ADBE Vector Group","hd":false},{"ty":"gr","it":[{"ind":0,"ty":"sh","ix":1,"ks":{"a":0,"k":{"i":[[0,0],[5.522,0],[0,0],[0,5.523],[0,0],[-5.522,0],[0,0],[0,-5.523]],"o":[[0,5.523],[0,0],[-5.522,0],[0,0],[0,-5.523],[0,0],[5.522,0],[0,0]],"v":[[27.749,10.249],[17.749,20.249],[-17.749,20.249],[-27.749,10.249],[-27.749,-10.249],[-17.749,-20.249],[17.749,-20.249],[27.749,-10.249]],"c":true},"ix":2},"nm":"Path 1","mn":"ADBE Vector Shape - Group","hd":false},{"ty":"fl","c":{"a":0,"k":[0.993649351831,0.985163490445,0.979831231809,1],"ix":4},"o":{"a":0,"k":100,"ix":5},"r":1,"bm":0,"nm":"Fill 1","mn":"ADBE Vector Graphic - Fill","hd":false},{"ty":"tr","p":{"a":0,"k":[106.366,26.748],"ix":2},"a":{"a":0,"k":[0,0],"ix":1},"s":{"a":0,"k":[100,100],"ix":3},"r":{"a":0,"k":0,"ix":6},"o":{"a":0,"k":100,"ix":7},"sk":{"a":0,"k":0,"ix":4},"sa":{"a":0,"k":0,"ix":5},"nm":"Transform"}],"nm":"Group 3","np":4,"cix":2,"bm":0,"ix":3,"mn":"ADBE Vector Group","hd":false},{"ty":"gr","it":[{"ind":0,"ty":"sh","ix":1,"ks":{"a":0,"k":{"i":[[0,0],[5.522,0],[0,0],[0,5.523],[0,0],[-5.522,0],[0,0],[0,-5.523]],"o":[[0,5.523],[0,0],[-5.522,0],[0,0],[0,-5.523],[0,0],[5.522,0],[0,0]],"v":[[27.749,10.249],[17.749,20.249],[-17.749,20.249],[-27.749,10.249],[-27.749,-10.249],[-17.749,-20.249],[17.749,-20.249],[27.749,-10.249]],"c":true},"ix":2},"nm":"Path 1","mn":"ADBE Vector Shape - Group","hd":false},{"ty":"fl","c":{"a":0,"k":[0.993649351831,0.985163490445,0.979831231809,1],"ix":4},"o":{"a":0,"k":100,"ix":5},"r":1,"bm":0,"nm":"Fill 1","mn":"ADBE Vector Graphic - Fill","hd":false},{"ty":"tr","p":{"a":0,"k":[40.366,26.748],"ix":2},"a":{"a":0,"k":[0,0],"ix":1},"s":{"a":0,"k":[100,100],"ix":3},"r":{"a":0,"k":0,"ix":6},"o":{"a":0,"k":100,"ix":7},"sk":{"a":0,"k":0,"ix":4},"sa":{"a":0,"k":0,"ix":5},"nm":"Transform"}],"nm":"Group 4","np":4,"cix":2,"bm":0,"ix":4,"mn":"ADBE Vector Group","hd":false},{"ty":"gr","it":[{"ind":0,"ty":"sh","ix":1,"ks":{"a":0,"k":{"i":[[2.269,-0.533],[0,0],[0.215,-0.937],[-0.437,-0.732],[-0.799,0],[-0.578,0.476],[0,0],[0,0],[-30.462,1.851],[0.062,1.49],[1.575,0],[0.056,-0.004]],"o":[[0,0],[-0.709,0.585],[-0.221,0.965],[0.438,0.732],[0.634,0],[0,0],[0,0],[4.752,-0.422],[1.662,-0.094],[-0.058,-1.424],[-0.058,0],[-76.021,3.964]],"v":[[-33.835,-12.938],[-64.883,12.749],[-66.316,15.111],[-65.977,17.781],[-64.059,18.917],[-62.18,18.176],[-30.889,-7.708],[-30.424,-7.749],[63.654,-13.633],[66.503,-16.458],[63.684,-18.915],[63.513,-18.91]],"c":true},"ix":2},"nm":"Path 1","mn":"ADBE Vector Shape - Group","hd":false},{"ind":1,"ty":"sh","ix":2,"ks":{"a":0,"k":{"i":[[1.33,0],[0.987,1.653],[-0.392,1.711],[-1.216,1.006],[0,0],[-97.159,5.067],[-0.126,0],[-0.125,-3.039],[3.311,-0.187],[7.214,-0.561],[0,0]],"o":[[-1.868,0],[-0.829,-1.389],[0.361,-1.578],[0,0],[0.828,-0.686],[0.099,-0.007],[3.191,0],[0.131,3.146],[-29.672,1.803],[0,0],[-1.115,0.924]],"v":[[-64.059,21.917],[-68.551,19.318],[-69.24,14.441],[-66.794,10.434],[-35.592,-15.378],[63.335,-21.906],[63.684,-21.917],[69.501,-16.585],[63.829,-10.641],[-29.7,-4.803],[-60.266,20.484]],"c":true},"ix":2},"nm":"Path 2","mn":"ADBE Vector Shape - Group","hd":false},{"ty":"mm","mm":1,"nm":"Merge Paths 1","mn":"ADBE Vector Filter - Merge","hd":false},{"ty":"fl","c":{"a":0,"k":[0.854332359164,0.858271879308,0.905879480699,1],"ix":4},"o":{"a":0,"k":100,"ix":5},"r":1,"bm":0,"nm":"Fill 1","mn":"ADBE Vector Graphic - Fill","hd":false},{"ty":"tr","p":{"a":0,"k":[69.881,32.772],"ix":2},"a":{"a":0,"k":[0,0],"ix":1},"s":{"a":0,"k":[100,100],"ix":3},"r":{"a":0,"k":0,"ix":6},"o":{"a":0,"k":100,"ix":7},"sk":{"a":0,"k":0,"ix":4},"sa":{"a":0,"k":0,"ix":5},"nm":"Transform"}],"nm":"Group 5","np":4,"cix":2,"bm":0,"ix":5,"mn":"ADBE Vector Group","hd":false},{"ty":"gr","it":[{"ind":0,"ty":"sh","ix":1,"ks":{"a":0,"k":{"i":[[2.371,0],[0.088,-0.006],[0.378,-0.312],[0,0],[0.288,-1.257],[-0.633,-1.061],[-1.329,0],[-0.845,0.699],[0,0],[-30.992,1.885],[0.097,2.319]],"o":[[-0.092,0],[-96.666,5.041],[0,0],[-0.962,0.795],[-0.306,1.338],[0.709,1.185],[0.983,0],[0,0],[4.724,-0.418],[2.482,-0.14],[-0.091,-2.218]],"v":[[63.676,-20.415],[63.404,-20.408],[-34.643,-14.223],[-65.847,11.592],[-67.785,14.775],[-67.271,18.549],[-64.065,20.415],[-61.23,19.329],[-30.299,-6.257],[63.737,-12.137],[67.994,-16.523]],"c":true},"ix":2},"nm":"Path 1","mn":"ADBE Vector Shape - Group","hd":false},{"ty":"fl","c":{"a":0,"k":[0.262546763701,0.207237183814,0.343636995203,1],"ix":4},"o":{"a":0,"k":100,"ix":5},"r":1,"bm":0,"nm":"Fill 1","mn":"ADBE Vector Graphic - Fill","hd":false},{"ty":"tr","p":{"a":0,"k":[69.888,32.773],"ix":2},"a":{"a":0,"k":[0,0],"ix":1},"s":{"a":0,"k":[100,100],"ix":3},"r":{"a":0,"k":0,"ix":6},"o":{"a":0,"k":100,"ix":7},"sk":{"a":0,"k":0,"ix":4},"sa":{"a":0,"k":0,"ix":5},"nm":"Transform"}],"nm":"Group 6","np":2,"cix":2,"bm":0,"ix":6,"mn":"ADBE Vector Group","hd":false},{"ty":"gr","it":[{"ind":0,"ty":"sh","ix":1,"ks":{"a":0,"k":{"i":[[0.073,0],[0.057,-1.399],[-1.653,-0.094],[-4.769,-0.423],[0,0],[0,0],[-0.633,0],[-0.438,0.736],[0.222,0.965],[0.708,0.586],[0,0],[76.003,3.964]],"o":[[-1.527,0],[-0.062,1.492],[30.462,1.851],[0,0],[0,0],[0.579,0.479],[0.8,0],[0.437,-0.729],[-0.214,-0.938],[0,0],[-2.267,-0.534],[-0.091,-0.005]],"v":[[-63.726,-18.818],[-66.506,-16.363],[-63.666,-13.535],[30.422,-7.65],[30.887,-7.609],[62.176,18.271],[64.055,19.016],[65.974,17.878],[66.313,15.21],[64.883,12.848],[33.834,-12.839],[-63.489,-18.811]],"c":true},"ix":2},"nm":"Path 1","mn":"ADBE Vector Shape - Group","hd":false},{"ind":1,"ty":"sh","ix":2,"ks":{"a":0,"k":{"i":[[1.87,0],[1.116,0.924],[0,0],[29.674,1.803],[-0.128,3.146],[-3.351,-0.211],[-0.829,-0.683],[0,0],[-0.359,-1.578],[0.83,-1.39]],"o":[[-1.33,0],[0,0],[-7.224,-0.562],[-3.301,-0.187],[0.131,-3.171],[97.135,5.065],[0,0],[1.216,1.003],[0.393,1.707],[-0.987,1.652]],"v":[[64.055,22.016],[60.263,20.583],[29.698,-4.702],[-63.841,-10.54],[-69.503,-16.484],[-63.315,-21.805],[35.589,-15.281],[66.795,10.536],[69.238,14.542],[68.55,19.417]],"c":true},"ix":2},"nm":"Path 2","mn":"ADBE Vector Shape - Group","hd":false},{"ty":"mm","mm":1,"nm":"Merge Paths 1","mn":"ADBE Vector Filter - Merge","hd":false},{"ty":"fl","c":{"a":0,"k":[0.854332359164,0.858271879308,0.905879480699,1],"ix":4},"o":{"a":0,"k":100,"ix":5},"r":1,"bm":0,"nm":"Fill 1","mn":"ADBE Vector Graphic - Fill","hd":false},{"ty":"tr","p":{"a":0,"k":[78.287,32.673],"ix":2},"a":{"a":0,"k":[0,0],"ix":1},"s":{"a":0,"k":[100,100],"ix":3},"r":{"a":0,"k":0,"ix":6},"o":{"a":0,"k":100,"ix":7},"sk":{"a":0,"k":0,"ix":4},"sa":{"a":0,"k":0,"ix":5},"nm":"Transform"}],"nm":"Group 7","np":4,"cix":2,"bm":0,"ix":7,"mn":"ADBE Vector Group","hd":false},{"ty":"gr","it":[{"ind":0,"ty":"sh","ix":1,"ks":{"a":0,"k":{"i":[[0.308,1.338],[0.962,0.795],[0,0],[96.661,5.041],[0.095,-2.305],[-2.48,-0.141],[-4.724,-0.418],[0,0],[-0.982,0],[-0.708,1.185]],"o":[[-0.286,-1.258],[0,0],[-0.379,-0.313],[-2.495,-0.158],[-0.095,2.319],[30.997,1.884],[0,0],[0.847,0.701],[1.33,0],[0.633,-1.061]],"v":[[67.784,14.85],[65.846,11.665],[34.643,-14.148],[-63.402,-20.334],[-67.996,-16.449],[-63.742,-12.062],[30.299,-6.182],[61.228,19.402],[64.064,20.492],[67.271,18.624]],"c":true},"ix":2},"nm":"Path 1","mn":"ADBE Vector Shape - Group","hd":false},{"ty":"fl","c":{"a":0,"k":[0.262546763701,0.207237183814,0.343636995203,1],"ix":4},"o":{"a":0,"k":100,"ix":5},"r":1,"bm":0,"nm":"Fill 1","mn":"ADBE Vector Graphic - Fill","hd":false},{"ty":"tr","p":{"a":0,"k":[78.277,32.698],"ix":2},"a":{"a":0,"k":[0,0],"ix":1},"s":{"a":0,"k":[100,100],"ix":3},"r":{"a":0,"k":0,"ix":6},"o":{"a":0,"k":100,"ix":7},"sk":{"a":0,"k":0,"ix":4},"sa":{"a":0,"k":0,"ix":5},"nm":"Transform"}],"nm":"Group 8","np":2,"cix":2,"bm":0,"ix":8,"mn":"ADBE Vector Group","hd":false}],"ip":0,"op":100,"st":0,"bm":0},{"ddd":0,"ind":3,"ty":4,"nm":"cursor","parent":1,"sr":1,"ks":{"o":{"a":1,"k":[{"i":{"x":[0.833],"y":[0.833]},"o":{"x":[0.167],"y":[0.167]},"t":50,"s":[0]},{"i":{"x":[0.833],"y":[0.833]},"o":{"x":[0.167],"y":[0.167]},"t":52,"s":[100]},{"i":{"x":[0.833],"y":[0.833]},"o":{"x":[0.167],"y":[0.167]},"t":54,"s":[0]},{"i":{"x":[0.833],"y":[0.833]},"o":{"x":[0.167],"y":[0.167]},"t":56,"s":[100]},{"i":{"x":[0.833],"y":[0.833]},"o":{"x":[0.167],"y":[0.167]},"t":58,"s":[0]},{"i":{"x":[0.833],"y":[0.833]},"o":{"x":[0.167],"y":[0.167]},"t":60,"s":[100]},{"i":{"x":[0.833],"y":[0.833]},"o":{"x":[0.167],"y":[0.167]},"t":70,"s":[0]},{"i":{"x":[0.833],"y":[0.833]},"o":{"x":[0.167],"y":[0.167]},"t":72,"s":[100]},{"i":{"x":[0.833],"y":[0.833]},"o":{"x":[0.167],"y":[0.167]},"t":74,"s":[0]},{"i":{"x":[0.833],"y":[0.833]},"o":{"x":[0.167],"y":[0.167]},"t":76,"s":[100]},{"i":{"x":[0.833],"y":[0.833]},"o":{"x":[0.167],"y":[0.167]},"t":78,"s":[0]},{"i":{"x":[0.833],"y":[0.833]},"o":{"x":[0.167],"y":[0.167]},"t":80,"s":[100]},{"i":{"x":[0.833],"y":[0.833]},"o":{"x":[0.167],"y":[0.167]},"t":82,"s":[0]},{"i":{"x":[0.833],"y":[0.833]},"o":{"x":[0.167],"y":[0.167]},"t":84,"s":[100]},{"i":{"x":[0.833],"y":[0.833]},"o":{"x":[0.167],"y":[0.167]},"t":86,"s":[0]},{"i":{"x":[0.833],"y":[0.833]},"o":{"x":[0.167],"y":[0.167]},"t":88,"s":[100]},{"i":{"x":[0.833],"y":[0.833]},"o":{"x":[0.167],"y":[0.167]},"t":90,"s":[0]},{"i":{"x":[0.833],"y":[0.833]},"o":{"x":[0.167],"y":[0.167]},"t":92,"s":[100]},{"i":{"x":[0.833],"y":[0.833]},"o":{"x":[0.167],"y":[0.167]},"t":94,"s":[0]},{"i":{"x":[0.833],"y":[0.833]},"o":{"x":[0.167],"y":[0.167]},"t":96,"s":[100]},{"t":98,"s":[0]}],"ix":11},"r":{"a":0,"k":0,"ix":10},"p":{"a":1,"k":[{"i":{"x":0.833,"y":0.833},"o":{"x":0.167,"y":0.167},"t":55,"s":[-19.724,0,0],"to":[33.954,0,0],"ti":[-33.954,0,0]},{"t":70,"s":[184,0,0]}],"ix":2,"l":2},"a":{"a":0,"k":[0,0,0],"ix":1,"l":2},"s":{"a":0,"k":[59.347,52.597,100],"ix":6,"l":2}},"ao":0,"shapes":[{"ty":"gr","it":[{"ty":"rc","d":1,"s":{"a":0,"k":[51.586,51.586],"ix":2},"p":{"a":0,"k":[0,0],"ix":3},"r":{"a":0,"k":0,"ix":4},"nm":"Rectangle Path 1","mn":"ADBE Vector Shape - Rect","hd":false},{"ty":"fl","c":{"a":0,"k":[0.980392156863,0.980392156863,0.980392156863,1],"ix":4},"o":{"a":0,"k":100,"ix":5},"r":1,"bm":0,"nm":"Fill 1","mn":"ADBE Vector Graphic - Fill","hd":false},{"ty":"tr","p":{"a":0,"k":[-128.267,-204.317],"ix":2},"a":{"a":0,"k":[0,0],"ix":1},"s":{"a":0,"k":[12.964,124.02],"ix":3},"r":{"a":0,"k":0,"ix":6},"o":{"a":0,"k":100,"ix":7},"sk":{"a":0,"k":0,"ix":4},"sa":{"a":0,"k":0,"ix":5},"nm":"Transform"}],"nm":"Rectangle 1","np":3,"cix":2,"bm":0,"ix":1,"mn":"ADBE Vector Group","hd":false}],"ip":0,"op":101,"st":0,"bm":0},{"ddd":0,"ind":4,"ty":4,"nm":"desk","parent":1,"sr":1,"ks":{"o":{"a":0,"k":100,"ix":11},"r":{"a":0,"k":0,"ix":10},"p":{"a":1,"k":[{"i":{"x":0,"y":0.986},"o":{"x":0.405,"y":0.015},"t":0,"s":[802,62,0],"to":[-132.833,0,0],"ti":[132.833,0,0]},{"t":10,"s":[5,62,0]}],"ix":2,"l":2},"a":{"a":0,"k":[371.75,41.25,0],"ix":1,"l":2},"s":{"a":0,"k":[100,100,100],"ix":6,"l":2}},"ao":0,"shapes":[{"ty":"gr","it":[{"ind":0,"ty":"sh","ix":1,"ks":{"a":0,"k":{"i":[[0,0],[0,0],[0,0],[0,0]],"o":[[0,0],[0,0],[0,0],[0,0]],"v":[[-371.5,14.5],[371.5,14.5],[371.5,-14.5],[-371.5,-14.5]],"c":true},"ix":2},"nm":"Path 1","mn":"ADBE Vector Shape - Group","hd":false},{"ind":1,"ty":"sh","ix":2,"ks":{"a":0,"k":{"i":[[0,0]],"o":[[0,0]],"v":[[-371.5,-14.5]],"c":false},"ix":2},"nm":"Path 2","mn":"ADBE Vector Shape - Group","hd":false},{"ind":2,"ty":"sh","ix":3,"ks":{"a":0,"k":{"i":[[0,0],[0,0],[0,0],[0,0]],"o":[[0,0],[0,0],[0,0],[0,0]],"v":[[-368.5,-11.5],[368.5,-11.5],[368.5,11.5],[-368.5,11.5]],"c":true},"ix":2},"nm":"Path 3","mn":"ADBE Vector Shape - Group","hd":false},{"ty":"mm","mm":1,"nm":"Merge Paths 1","mn":"ADBE Vector Filter - Merge","hd":false},{"ty":"fl","c":{"a":0,"k":[0.854332359164,0.858271879308,0.905879480699,1],"ix":4},"o":{"a":0,"k":100,"ix":5},"r":1,"bm":0,"nm":"Fill 1","mn":"ADBE Vector Graphic - Fill","hd":false},{"ty":"tr","p":{"a":0,"k":[371.75,14.75],"ix":2},"a":{"a":0,"k":[0,0],"ix":1},"s":{"a":0,"k":[100,100],"ix":3},"r":{"a":0,"k":0,"ix":6},"o":{"a":0,"k":100,"ix":7},"sk":{"a":0,"k":0,"ix":4},"sa":{"a":0,"k":0,"ix":5},"nm":"Transform"}],"nm":"Group 1","np":5,"cix":2,"bm":0,"ix":1,"mn":"ADBE Vector Group","hd":false},{"ty":"gr","it":[{"ind":0,"ty":"sh","ix":1,"ks":{"a":0,"k":{"i":[[0,0],[0,0],[0,0],[0,0]],"o":[[0,0],[0,0],[0,0],[0,0]],"v":[[-370,-13],[370,-13],[370,13],[-370,13]],"c":true},"ix":2},"nm":"Path 1","mn":"ADBE Vector Shape - Group","hd":false},{"ty":"fl","c":{"a":0,"k":[1,0.999998922909,1,1],"ix":4},"o":{"a":0,"k":100,"ix":5},"r":1,"bm":0,"nm":"Fill 1","mn":"ADBE Vector Graphic - Fill","hd":false},{"ty":"tr","p":{"a":0,"k":[371.75,14.75],"ix":2},"a":{"a":0,"k":[0,0],"ix":1},"s":{"a":0,"k":[100,100],"ix":3},"r":{"a":0,"k":0,"ix":6},"o":{"a":0,"k":100,"ix":7},"sk":{"a":0,"k":0,"ix":4},"sa":{"a":0,"k":0,"ix":5},"nm":"Transform"}],"nm":"Group 2","np":2,"cix":2,"bm":0,"ix":2,"mn":"ADBE Vector Group","hd":false},{"ty":"gr","it":[{"ind":0,"ty":"sh","ix":1,"ks":{"a":0,"k":{"i":[[0,0],[0,0],[0,0],[0,0]],"o":[[0,0],[0,0],[0,0],[0,0]],"v":[[-12,-13],[-10.818,13],[10.818,13],[12,-13]],"c":true},"ix":2},"nm":"Path 1","mn":"ADBE Vector Shape - Group","hd":false},{"ty":"fl","c":{"a":0,"k":[0.854332359164,0.858271879308,0.905879480699,1],"ix":4},"o":{"a":0,"k":100,"ix":5},"r":1,"bm":0,"nm":"Fill 1","mn":"ADBE Vector Graphic - Fill","hd":false},{"ty":"tr","p":{"a":0,"k":[635.28,30.75],"ix":2},"a":{"a":0,"k":[0,0],"ix":1},"s":{"a":0,"k":[100,100],"ix":3},"r":{"a":0,"k":0,"ix":6},"o":{"a":0,"k":100,"ix":7},"sk":{"a":0,"k":0,"ix":4},"sa":{"a":0,"k":0,"ix":5},"nm":"Transform"}],"nm":"Group 3","np":2,"cix":2,"bm":0,"ix":3,"mn":"ADBE Vector Group","hd":false},{"ty":"gr","it":[{"ind":0,"ty":"sh","ix":1,"ks":{"a":0,"k":{"i":[[0,0],[0,0],[0,0],[0,0]],"o":[[0,0],[0,0],[0,0],[0,0]],"v":[[-13.569,-34.5],[-10.433,34.5],[10.434,34.5],[13.57,-34.5]],"c":true},"ix":2},"nm":"Path 1","mn":"ADBE Vector Shape - Group","hd":false},{"ind":1,"ty":"sh","ix":2,"ks":{"a":0,"k":{"i":[[0,0],[0,0],[0,0],[0,0]],"o":[[0,0],[0,0],[0,0],[0,0]],"v":[[-10.43,-31.499],[10.431,-31.499],[7.567,31.501],[-7.566,31.501]],"c":true},"ix":2},"nm":"Path 2","mn":"ADBE Vector Shape - Group","hd":false},{"ty":"mm","mm":1,"nm":"Merge Paths 1","mn":"ADBE Vector Filter - Merge","hd":false},{"ty":"fl","c":{"a":0,"k":[0.854332359164,0.858271879308,0.905879480699,1],"ix":4},"o":{"a":0,"k":100,"ix":5},"r":1,"bm":0,"nm":"Fill 1","mn":"ADBE Vector Graphic - Fill","hd":false},{"ty":"tr","p":{"a":0,"k":[635.28,47.75],"ix":2},"a":{"a":0,"k":[0,0],"ix":1},"s":{"a":0,"k":[100,100],"ix":3},"r":{"a":0,"k":0,"ix":6},"o":{"a":0,"k":100,"ix":7},"sk":{"a":0,"k":0,"ix":4},"sa":{"a":0,"k":0,"ix":5},"nm":"Transform"}],"nm":"Group 4","np":4,"cix":2,"bm":0,"ix":4,"mn":"ADBE Vector Group","hd":false},{"ty":"gr","it":[{"ind":0,"ty":"sh","ix":1,"ks":{"a":0,"k":{"i":[[0,0],[0,0],[0,0],[0,0]],"o":[[0,0],[0,0],[0,0],[0,0]],"v":[[9,33],[-9,33],[-12,-33],[12,-33]],"c":true},"ix":2},"nm":"Path 1","mn":"ADBE Vector Shape - Group","hd":false},{"ty":"fl","c":{"a":0,"k":[1,0.999998922909,1,1],"ix":4},"o":{"a":0,"k":100,"ix":5},"r":1,"bm":0,"nm":"Fill 1","mn":"ADBE Vector Graphic - Fill","hd":false},{"ty":"tr","p":{"a":0,"k":[635.28,47.75],"ix":2},"a":{"a":0,"k":[0,0],"ix":1},"s":{"a":0,"k":[100,100],"ix":3},"r":{"a":0,"k":0,"ix":6},"o":{"a":0,"k":100,"ix":7},"sk":{"a":0,"k":0,"ix":4},"sa":{"a":0,"k":0,"ix":5},"nm":"Transform"}],"nm":"Group 5","np":2,"cix":2,"bm":0,"ix":5,"mn":"ADBE Vector Group","hd":false},{"ty":"gr","it":[{"ind":0,"ty":"sh","ix":1,"ks":{"a":0,"k":{"i":[[0,0],[0,0],[0,0],[0,0]],"o":[[0,0],[0,0],[0,0],[0,0]],"v":[[-12,-13],[-10.818,13],[10.819,13],[12,-13]],"c":true},"ix":2},"nm":"Path 1","mn":"ADBE Vector Shape - Group","hd":false},{"ty":"fl","c":{"a":0,"k":[0.854332359164,0.858271879308,0.905879480699,1],"ix":4},"o":{"a":0,"k":100,"ix":5},"r":1,"bm":0,"nm":"Fill 1","mn":"ADBE Vector Graphic - Fill","hd":false},{"ty":"tr","p":{"a":0,"k":[108.28,30.75],"ix":2},"a":{"a":0,"k":[0,0],"ix":1},"s":{"a":0,"k":[100,100],"ix":3},"r":{"a":0,"k":0,"ix":6},"o":{"a":0,"k":100,"ix":7},"sk":{"a":0,"k":0,"ix":4},"sa":{"a":0,"k":0,"ix":5},"nm":"Transform"}],"nm":"Group 6","np":2,"cix":2,"bm":0,"ix":6,"mn":"ADBE Vector Group","hd":false},{"ty":"gr","it":[{"ind":0,"ty":"sh","ix":1,"ks":{"a":0,"k":{"i":[[0,0],[0,0],[0,0],[0,0]],"o":[[0,0],[0,0],[0,0],[0,0]],"v":[[-13.57,-34.5],[-10.434,34.5],[10.434,34.5],[13.57,-34.5]],"c":true},"ix":2},"nm":"Path 1","mn":"ADBE Vector Shape - Group","hd":false},{"ind":1,"ty":"sh","ix":2,"ks":{"a":0,"k":{"i":[[0,0],[0,0],[0,0],[0,0]],"o":[[0,0],[0,0],[0,0],[0,0]],"v":[[-10.431,-31.499],[10.43,-31.499],[7.566,31.501],[-7.567,31.501]],"c":true},"ix":2},"nm":"Path 2","mn":"ADBE Vector Shape - Group","hd":false},{"ty":"mm","mm":1,"nm":"Merge Paths 1","mn":"ADBE Vector Filter - Merge","hd":false},{"ty":"fl","c":{"a":0,"k":[0.854332359164,0.858271879308,0.905879480699,1],"ix":4},"o":{"a":0,"k":100,"ix":5},"r":1,"bm":0,"nm":"Fill 1","mn":"ADBE Vector Graphic - Fill","hd":false},{"ty":"tr","p":{"a":0,"k":[108.281,47.75],"ix":2},"a":{"a":0,"k":[0,0],"ix":1},"s":{"a":0,"k":[100,100],"ix":3},"r":{"a":0,"k":0,"ix":6},"o":{"a":0,"k":100,"ix":7},"sk":{"a":0,"k":0,"ix":4},"sa":{"a":0,"k":0,"ix":5},"nm":"Transform"}],"nm":"Group 7","np":4,"cix":2,"bm":0,"ix":7,"mn":"ADBE Vector Group","hd":false},{"ty":"gr","it":[{"ind":0,"ty":"sh","ix":1,"ks":{"a":0,"k":{"i":[[0,0],[0,0],[0,0],[0,0]],"o":[[0,0],[0,0],[0,0],[0,0]],"v":[[9,33],[-9,33],[-12,-33],[12,-33]],"c":true},"ix":2},"nm":"Path 1","mn":"ADBE Vector Shape - Group","hd":false},{"ty":"fl","c":{"a":0,"k":[1,0.999998922909,1,1],"ix":4},"o":{"a":0,"k":100,"ix":5},"r":1,"bm":0,"nm":"Fill 1","mn":"ADBE Vector Graphic - Fill","hd":false},{"ty":"tr","p":{"a":0,"k":[108.28,47.75],"ix":2},"a":{"a":0,"k":[0,0],"ix":1},"s":{"a":0,"k":[100,100],"ix":3},"r":{"a":0,"k":0,"ix":6},"o":{"a":0,"k":100,"ix":7},"sk":{"a":0,"k":0,"ix":4},"sa":{"a":0,"k":0,"ix":5},"nm":"Transform"}],"nm":"Group 8","np":2,"cix":2,"bm":0,"ix":8,"mn":"ADBE Vector Group","hd":false}],"ip":0,"op":100,"st":0,"bm":0},{"ddd":0,"ind":5,"ty":4,"nm":"Shape Layer 2","parent":1,"td":1,"sr":1,"ks":{"o":{"a":0,"k":100,"ix":11},"r":{"a":0,"k":0,"ix":10},"p":{"a":1,"k":[{"i":{"x":0.833,"y":0.833},"o":{"x":0.167,"y":0.167},"t":55,"s":[0,0,0],"to":[9.385,0,0],"ti":[-22.656,0,0]},{"t":70,"s":[202,0,0]}],"ix":2,"l":2},"a":{"a":0,"k":[0,0,0],"ix":1,"l":2},"s":{"a":0,"k":[71.31,52.944,100],"ix":6,"l":2}},"ao":0,"shapes":[{"ty":"gr","it":[{"ty":"rc","d":1,"s":{"a":0,"k":[243.992,51.082],"ix":2},"p":{"a":0,"k":[0,0],"ix":3},"r":{"a":0,"k":0,"ix":4},"nm":"Rectangle Path 1","mn":"ADBE Vector Shape - Rect","hd":false},{"ty":"fl","c":{"a":0,"k":[0.980392156863,0.980392156863,0.980392156863,1],"ix":4},"o":{"a":0,"k":100,"ix":5},"r":1,"bm":0,"nm":"Fill 1","mn":"ADBE Vector Graphic - Fill","hd":false},{"ty":"tr","p":{"a":0,"k":[17.402,-203.401],"ix":2},"a":{"a":0,"k":[0,0],"ix":1},"s":{"a":0,"k":[124.224,165.427],"ix":3},"r":{"a":0,"k":0,"ix":6},"o":{"a":0,"k":100,"ix":7},"sk":{"a":0,"k":0,"ix":4},"sa":{"a":0,"k":0,"ix":5},"nm":"Transform"}],"nm":"Rectangle 1","np":3,"cix":2,"bm":0,"ix":2,"mn":"ADBE Vector Group","hd":false}],"ip":0,"op":100,"st":0,"bm":0},{"ddd":0,"ind":6,"ty":4,"nm":"Hello World! Outlines","parent":1,"tt":2,"sr":1,"ks":{"o":{"a":0,"k":100,"ix":11},"r":{"a":0,"k":0,"ix":10},"p":{"a":0,"k":[1.858,-105.652,0],"ix":2,"l":2},"a":{"a":0,"k":[0,0,0],"ix":1,"l":2},"s":{"a":0,"k":[53.091,53.091,100],"ix":6,"l":2}},"ao":0,"shapes":[{"ty":"gr","it":[{"ind":0,"ty":"sh","ix":1,"ks":{"a":0,"k":{"i":[[0,0],[0,0],[0,0],[0,0],[0,0],[0,0],[0,0],[0,0],[0,0],[0,0],[0,0],[0,0]],"o":[[0,0],[0,0],[0,0],[0,0],[0,0],[0,0],[0,0],[0,0],[0,0],[0,0],[0,0],[0,0]],"v":[[-141.696,-29.305],[-151.803,-29.305],[-151.803,-9.427],[-171.513,-9.427],[-171.513,-29.305],[-181.62,-29.305],[-181.62,19.75],[-171.513,19.75],[-171.513,-1.273],[-151.803,-1.273],[-151.803,19.75],[-141.696,19.75]],"c":true},"ix":2},"nm":"H","mn":"ADBE Vector Shape - Group","hd":false},{"ty":"fl","c":{"a":0,"k":[0.152941176471,0.121568634931,0.243137269862,1],"ix":4},"o":{"a":0,"k":100,"ix":5},"r":1,"bm":0,"nm":"Fill 1","mn":"ADBE Vector Graphic - Fill","hd":false},{"ty":"tr","p":{"a":0,"k":[0,0],"ix":2},"a":{"a":0,"k":[0,0],"ix":1},"s":{"a":0,"k":[100,100],"ix":3},"r":{"a":0,"k":0,"ix":6},"o":{"a":0,"k":100,"ix":7},"sk":{"a":0,"k":0,"ix":4},"sa":{"a":0,"k":0,"ix":5},"nm":"Transform"}],"nm":"H","np":3,"cix":2,"bm":0,"ix":1,"mn":"ADBE Vector Group","hd":false},{"ty":"gr","it":[{"ind":0,"ty":"sh","ix":1,"ks":{"a":0,"k":{"i":[[-2.493,1.157],[-1.46,2.067],[0,0],[3.751,0],[1.583,1.438],[0.314,2.381],[0,0],[0,0],[2.864,3.145],[4.986,0],[2.594,-1.561],[1.415,-2.886],[0,-3.661],[0,0],[-3.358,-3.279],[-5.346,0]],"o":[[2.493,-1.157],[0,0],[-2.112,2.718],[-2.426,0],[-1.583,-1.437],[0,0],[0,0],[0,-5.772],[-2.864,-3.144],[-3.324,0],[-2.594,1.561],[-1.415,2.886],[0,0],[0,5.458],[3.358,3.28],[3.032,0]],"v":[[-108.442,18.689],[-102.513,13.854],[-107.297,8.497],[-116.09,12.574],[-122.104,10.417],[-124.951,4.69],[-101.738,4.69],[-101.738,0.714],[-106.033,-12.661],[-117.809,-17.378],[-126.686,-15.036],[-132.7,-8.365],[-134.823,1.456],[-134.823,2.399],[-129.786,15.505],[-116.73,20.424]],"c":true},"ix":2},"nm":"e","mn":"ADBE Vector Shape - Group","hd":false},{"ind":1,"ty":"sh","ix":2,"ks":{"a":0,"k":{"i":[[-1.123,-1.184],[-0.045,-2.166],[0,0],[0,0],[-1.202,1.309],[-1.932,0]],"o":[[1.123,1.184],[0,0],[0,0],[0.337,-2.436],[1.201,-1.309],[2.066,0]],"v":[[-113.058,-7.751],[-111.306,-2.726],[-111.306,-1.947],[-124.85,-1.947],[-122.542,-7.565],[-117.842,-9.528]],"c":true},"ix":2},"nm":"e","mn":"ADBE Vector Shape - Group","hd":false},{"ty":"mm","mm":1,"nm":"Merge Paths 1","mn":"ADBE Vector Filter - Merge","hd":false},{"ty":"fl","c":{"a":0,"k":[0.152941176471,0.121568634931,0.243137269862,1],"ix":4},"o":{"a":0,"k":100,"ix":5},"r":1,"bm":0,"nm":"Fill 1","mn":"ADBE Vector Graphic - Fill","hd":false},{"ty":"tr","p":{"a":0,"k":[0,0],"ix":2},"a":{"a":0,"k":[0,0],"ix":1},"s":{"a":0,"k":[100,100],"ix":3},"r":{"a":0,"k":0,"ix":6},"o":{"a":0,"k":100,"ix":7},"sk":{"a":0,"k":0,"ix":4},"sa":{"a":0,"k":0,"ix":5},"nm":"Transform"}],"nm":"e","np":5,"cix":2,"bm":0,"ix":2,"mn":"ADBE Vector Group","hd":false},{"ty":"gr","it":[{"ind":0,"ty":"sh","ix":1,"ks":{"a":0,"k":{"i":[[0,0],[0,0],[0,0],[0,0]],"o":[[0,0],[0,0],[0,0],[0,0]],"v":[[-85.937,-32],[-95.707,-32],[-95.707,19.75],[-85.937,19.75]],"c":true},"ix":2},"nm":"l","mn":"ADBE Vector Shape - Group","hd":false},{"ty":"fl","c":{"a":0,"k":[0.152941176471,0.121568634931,0.243137269862,1],"ix":4},"o":{"a":0,"k":100,"ix":5},"r":1,"bm":0,"nm":"Fill 1","mn":"ADBE Vector Graphic - Fill","hd":false},{"ty":"tr","p":{"a":0,"k":[0,0],"ix":2},"a":{"a":0,"k":[0,0],"ix":1},"s":{"a":0,"k":[100,100],"ix":3},"r":{"a":0,"k":0,"ix":6},"o":{"a":0,"k":100,"ix":7},"sk":{"a":0,"k":0,"ix":4},"sa":{"a":0,"k":0,"ix":5},"nm":"Transform"}],"nm":"l","np":3,"cix":2,"bm":0,"ix":3,"mn":"ADBE Vector Group","hd":false},{"ty":"gr","it":[{"ind":0,"ty":"sh","ix":1,"ks":{"a":0,"k":{"i":[[0,0],[0,0],[0,0],[0,0]],"o":[[0,0],[0,0],[0,0],[0,0]],"v":[[-67.642,-32],[-77.413,-32],[-77.413,19.75],[-67.642,19.75]],"c":true},"ix":2},"nm":"l","mn":"ADBE Vector Shape - Group","hd":false},{"ty":"fl","c":{"a":0,"k":[0.152941176471,0.121568634931,0.243137269862,1],"ix":4},"o":{"a":0,"k":100,"ix":5},"r":1,"bm":0,"nm":"Fill 1","mn":"ADBE Vector Graphic - Fill","hd":false},{"ty":"tr","p":{"a":0,"k":[0,0],"ix":2},"a":{"a":0,"k":[0,0],"ix":1},"s":{"a":0,"k":[100,100],"ix":3},"r":{"a":0,"k":0,"ix":6},"o":{"a":0,"k":100,"ix":7},"sk":{"a":0,"k":0,"ix":4},"sa":{"a":0,"k":0,"ix":5},"nm":"Transform"}],"nm":"l","np":3,"cix":2,"bm":0,"ix":4,"mn":"ADBE Vector Group","hd":false},{"ty":"gr","it":[{"ind":0,"ty":"sh","ix":1,"ks":{"a":0,"k":{"i":[[0,0],[-3.133,-3.369],[-5.256,0],[-3.122,3.381],[0,5.593],[0,0],[3.111,3.01],[4.919,0],[2.616,-1.55],[1.392,-2.83],[0,-3.616]],"o":[[0,5.795],[3.133,3.369],[5.256,0],[3.122,-3.38],[0,0],[-0.36,-5.166],[-3.111,-3.01],[-3.459,0],[-2.617,1.55],[-1.393,2.83],[0,0]],"v":[[-61.14,1.624],[-56.44,15.37],[-43.856,20.424],[-31.289,15.353],[-26.606,1.894],[-26.673,-0.6],[-31.879,-12.863],[-43.923,-17.378],[-53.037,-15.053],[-59.051,-8.483],[-61.14,1.186]],"c":true},"ix":2},"nm":"o","mn":"ADBE Vector Shape - Group","hd":false},{"ind":1,"ty":"sh","ix":2,"ks":{"a":0,"k":{"i":[[-1.303,1.856],[-2.381,0],[-1.326,-1.867],[0,-3.397],[1.325,-1.811],[2.358,0],[1.302,1.834],[0,3.464]],"o":[[1.302,-1.856],[2.403,0],[1.325,1.867],[0,3.982],[-1.326,1.811],[-2.426,0],[-1.303,-1.833],[0,-3.891]],"v":[[-49.449,-6.744],[-43.923,-9.528],[-38.331,-6.727],[-36.343,1.169],[-38.331,9.857],[-43.856,12.574],[-49.449,9.824],[-51.403,1.877]],"c":true},"ix":2},"nm":"o","mn":"ADBE Vector Shape - Group","hd":false},{"ty":"mm","mm":1,"nm":"Merge Paths 1","mn":"ADBE Vector Filter - Merge","hd":false},{"ty":"fl","c":{"a":0,"k":[0.152941176471,0.121568634931,0.243137269862,1],"ix":4},"o":{"a":0,"k":100,"ix":5},"r":1,"bm":0,"nm":"Fill 1","mn":"ADBE Vector Graphic - Fill","hd":false},{"ty":"tr","p":{"a":0,"k":[0,0],"ix":2},"a":{"a":0,"k":[0,0],"ix":1},"s":{"a":0,"k":[100,100],"ix":3},"r":{"a":0,"k":0,"ix":6},"o":{"a":0,"k":100,"ix":7},"sk":{"a":0,"k":0,"ix":4},"sa":{"a":0,"k":0,"ix":5},"nm":"Transform"}],"nm":"o","np":5,"cix":2,"bm":0,"ix":5,"mn":"ADBE Vector Group","hd":false},{"ty":"gr","it":[{"ind":0,"ty":"sh","ix":1,"ks":{"a":0,"k":{"i":[[0,0],[0,0],[0,0],[0,0],[0,0],[0,0],[0,0],[0,0],[0,0],[0,0],[0,0],[0,0],[0,0]],"o":[[0,0],[0,0],[0,0],[0,0],[0,0],[0,0],[0,0],[0,0],[0,0],[0,0],[0,0],[0,0],[0,0]],"v":[[27.368,-29.305],[18.81,-29.305],[10.724,5.532],[4.087,-29.305],[-5.987,-29.305],[4.896,19.75],[15.07,19.75],[23.055,-13.065],[31.04,19.75],[41.215,19.75],[52.097,-29.305],[42.023,-29.305],[35.42,5.6]],"c":true},"ix":2},"nm":"W","mn":"ADBE Vector Shape - Group","hd":false},{"ty":"fl","c":{"a":0,"k":[0.152941176471,0.121568634931,0.243137269862,1],"ix":4},"o":{"a":0,"k":100,"ix":5},"r":1,"bm":0,"nm":"Fill 1","mn":"ADBE Vector Graphic - Fill","hd":false},{"ty":"tr","p":{"a":0,"k":[0,0],"ix":2},"a":{"a":0,"k":[0,0],"ix":1},"s":{"a":0,"k":[100,100],"ix":3},"r":{"a":0,"k":0,"ix":6},"o":{"a":0,"k":100,"ix":7},"sk":{"a":0,"k":0,"ix":4},"sa":{"a":0,"k":0,"ix":5},"nm":"Transform"}],"nm":"W","np":3,"cix":2,"bm":0,"ix":6,"mn":"ADBE Vector Group","hd":false},{"ty":"gr","it":[{"ind":0,"ty":"sh","ix":1,"ks":{"a":0,"k":{"i":[[0,0],[-3.133,-3.369],[-5.256,0],[-3.122,3.381],[0,5.593],[0,0],[3.111,3.01],[4.919,0],[2.616,-1.55],[1.392,-2.83],[0,-3.616]],"o":[[0,5.795],[3.133,3.369],[5.256,0],[3.122,-3.38],[0,0],[-0.36,-5.166],[-3.111,-3.01],[-3.459,0],[-2.617,1.55],[-1.393,2.83],[0,0]],"v":[[54.354,1.624],[59.054,15.37],[71.638,20.424],[84.205,15.353],[88.888,1.894],[88.821,-0.6],[83.615,-12.863],[71.571,-17.378],[62.457,-15.053],[56.443,-8.483],[54.354,1.186]],"c":true},"ix":2},"nm":"o","mn":"ADBE Vector Shape - Group","hd":false},{"ind":1,"ty":"sh","ix":2,"ks":{"a":0,"k":{"i":[[-1.303,1.856],[-2.381,0],[-1.326,-1.867],[0,-3.397],[1.325,-1.811],[2.358,0],[1.302,1.834],[0,3.464]],"o":[[1.302,-1.856],[2.403,0],[1.325,1.867],[0,3.982],[-1.326,1.811],[-2.426,0],[-1.303,-1.833],[0,-3.891]],"v":[[66.045,-6.744],[71.571,-9.528],[77.164,-6.727],[79.151,1.169],[77.164,9.857],[71.638,12.574],[66.045,9.824],[64.091,1.877]],"c":true},"ix":2},"nm":"o","mn":"ADBE Vector Shape - Group","hd":false},{"ty":"mm","mm":1,"nm":"Merge Paths 1","mn":"ADBE Vector Filter - Merge","hd":false},{"ty":"fl","c":{"a":0,"k":[0.152941176471,0.121568634931,0.243137269862,1],"ix":4},"o":{"a":0,"k":100,"ix":5},"r":1,"bm":0,"nm":"Fill 1","mn":"ADBE Vector Graphic - Fill","hd":false},{"ty":"tr","p":{"a":0,"k":[0,0],"ix":2},"a":{"a":0,"k":[0,0],"ix":1},"s":{"a":0,"k":[100,100],"ix":3},"r":{"a":0,"k":0,"ix":6},"o":{"a":0,"k":100,"ix":7},"sk":{"a":0,"k":0,"ix":4},"sa":{"a":0,"k":0,"ix":5},"nm":"Transform"}],"nm":"o","np":5,"cix":2,"bm":0,"ix":7,"mn":"ADBE Vector Group","hd":false},{"ty":"gr","it":[{"ind":0,"ty":"sh","ix":1,"ks":{"a":0,"k":{"i":[[0,0],[1.078,0],[1.954,-3.347],[0,0],[0,0],[0,0],[0,0],[0,0],[-3.684,0],[-1.326,-0.18]],"o":[[-0.943,-0.292],[-3.459,0],[0,0],[0,0],[0,0],[0,0],[0,0],[1.146,-2.493],[1.011,0],[0,0]],"v":[[115.504,-16.94],[112.472,-17.378],[104.353,-12.358],[104.083,-16.704],[94.885,-16.704],[94.885,19.75],[104.622,19.75],[104.622,-4.104],[111.866,-7.843],[115.37,-7.574]],"c":true},"ix":2},"nm":"r","mn":"ADBE Vector Shape - Group","hd":false},{"ty":"fl","c":{"a":0,"k":[0.152941176471,0.121568634931,0.243137269862,1],"ix":4},"o":{"a":0,"k":100,"ix":5},"r":1,"bm":0,"nm":"Fill 1","mn":"ADBE Vector Graphic - Fill","hd":false},{"ty":"tr","p":{"a":0,"k":[0,0],"ix":2},"a":{"a":0,"k":[0,0],"ix":1},"s":{"a":0,"k":[100,100],"ix":3},"r":{"a":0,"k":0,"ix":6},"o":{"a":0,"k":100,"ix":7},"sk":{"a":0,"k":0,"ix":4},"sa":{"a":0,"k":0,"ix":5},"nm":"Transform"}],"nm":"r","np":3,"cix":2,"bm":0,"ix":8,"mn":"ADBE Vector Group","hd":false},{"ty":"gr","it":[{"ind":0,"ty":"sh","ix":1,"ks":{"a":0,"k":{"i":[[0,0],[0,0],[0,0],[0,0]],"o":[[0,0],[0,0],[0,0],[0,0]],"v":[[130.329,-32],[120.558,-32],[120.558,19.75],[130.329,19.75]],"c":true},"ix":2},"nm":"l","mn":"ADBE Vector Shape - Group","hd":false},{"ty":"fl","c":{"a":0,"k":[0.152941176471,0.121568634931,0.243137269862,1],"ix":4},"o":{"a":0,"k":100,"ix":5},"r":1,"bm":0,"nm":"Fill 1","mn":"ADBE Vector Graphic - Fill","hd":false},{"ty":"tr","p":{"a":0,"k":[0,0],"ix":2},"a":{"a":0,"k":[0,0],"ix":1},"s":{"a":0,"k":[100,100],"ix":3},"r":{"a":0,"k":0,"ix":6},"o":{"a":0,"k":100,"ix":7},"sk":{"a":0,"k":0,"ix":4},"sa":{"a":0,"k":0,"ix":5},"nm":"Transform"}],"nm":"l","np":3,"cix":2,"bm":0,"ix":9,"mn":"ADBE Vector Group","hd":false},{"ty":"gr","it":[{"ind":0,"ty":"sh","ix":1,"ks":{"a":0,"k":{"i":[[-2.594,-3.38],[-4.29,0],[-2.426,3.032],[0,0],[0,0],[0,0],[0,0],[0,0],[3.549,0],[2.549,-3.369],[0,-5.682]],"o":[[2.594,3.381],[3.818,0],[0,0],[0,0],[0,0],[0,0],[0,0],[-2.314,-2.65],[-4.425,0],[-2.549,3.369],[0,6.02]],"v":[[140.722,15.353],[151.049,20.424],[160.415,15.875],[160.887,19.75],[169.68,19.75],[169.68,-32],[159.91,-32],[159.91,-13.402],[151.116,-17.378],[140.655,-12.324],[136.831,1.253]],"c":true},"ix":2},"nm":"d","mn":"ADBE Vector Shape - Group","hd":false},{"ind":1,"ty":"sh","ix":2,"ks":{"a":0,"k":{"i":[[-4.695,0],[-1.213,-2.542],[0,0],[3.01,0],[1.19,1.822],[0,3.42]],"o":[[2.987,0],[0,0],[-1.236,2.542],[-2.269,0],[-1.191,-1.822],[0,-7.626]],"v":[[153.609,-9.46],[159.91,-5.648],[159.91,8.761],[153.542,12.574],[148.354,9.841],[146.568,1.978]],"c":true},"ix":2},"nm":"d","mn":"ADBE Vector Shape - Group","hd":false},{"ty":"mm","mm":1,"nm":"Merge Paths 1","mn":"ADBE Vector Filter - Merge","hd":false},{"ty":"fl","c":{"a":0,"k":[0.152941176471,0.121568634931,0.243137269862,1],"ix":4},"o":{"a":0,"k":100,"ix":5},"r":1,"bm":0,"nm":"Fill 1","mn":"ADBE Vector Graphic - Fill","hd":false},{"ty":"tr","p":{"a":0,"k":[0,0],"ix":2},"a":{"a":0,"k":[0,0],"ix":1},"s":{"a":0,"k":[100,100],"ix":3},"r":{"a":0,"k":0,"ix":6},"o":{"a":0,"k":100,"ix":7},"sk":{"a":0,"k":0,"ix":4},"sa":{"a":0,"k":0,"ix":5},"nm":"Transform"}],"nm":"d","np":5,"cix":2,"bm":0,"ix":10,"mn":"ADBE Vector Group","hd":false},{"ty":"gr","it":[{"ind":0,"ty":"sh","ix":1,"ks":{"a":0,"k":{"i":[[0,0],[0,0],[0,0],[0,0]],"o":[[0,0],[0,0],[0,0],[0,0]],"v":[[188.278,-29.305],[177.901,-29.305],[179.046,4.69],[187.132,4.69]],"c":true},"ix":2},"nm":"!","mn":"ADBE Vector Shape - Group","hd":false},{"ind":1,"ty":"sh","ix":2,"ks":{"a":0,"k":{"i":[[0.999,-0.977],[0,-1.482],[-1,-0.965],[-1.617,0],[-1,0.965],[0,1.482],[0.999,0.966],[1.639,0]],"o":[[-1,0.977],[0,1.482],[0.999,0.965],[1.639,0],[0.999,-0.965],[0,-1.505],[-1,-0.965],[-1.617,0]],"v":[[179.164,11.479],[177.665,15.168],[179.164,18.84],[183.089,20.289],[187.048,18.84],[188.547,15.168],[187.048,11.462],[183.089,10.013]],"c":true},"ix":2},"nm":"!","mn":"ADBE Vector Shape - Group","hd":false},{"ty":"mm","mm":1,"nm":"Merge Paths 1","mn":"ADBE Vector Filter - Merge","hd":false},{"ty":"fl","c":{"a":0,"k":[0.152941176471,0.121568634931,0.243137269862,1],"ix":4},"o":{"a":0,"k":100,"ix":5},"r":1,"bm":0,"nm":"Fill 1","mn":"ADBE Vector Graphic - Fill","hd":false},{"ty":"tr","p":{"a":0,"k":[0,0],"ix":2},"a":{"a":0,"k":[0,0],"ix":1},"s":{"a":0,"k":[100,100],"ix":3},"r":{"a":0,"k":0,"ix":6},"o":{"a":0,"k":100,"ix":7},"sk":{"a":0,"k":0,"ix":4},"sa":{"a":0,"k":0,"ix":5},"nm":"Transform"}],"nm":"!","np":5,"cix":2,"bm":0,"ix":11,"mn":"ADBE Vector Group","hd":false}],"ip":0,"op":100,"st":0,"bm":0},{"ddd":0,"ind":9,"ty":4,"nm":"screen","parent":1,"sr":1,"ks":{"o":{"a":0,"k":100,"ix":11},"r":{"a":0,"k":0,"ix":10},"p":{"a":0,"k":[5,-95.334,0],"ix":2,"l":2},"a":{"a":0,"k":[147.25,82.084,0],"ix":1,"l":2},"s":{"a":1,"k":[{"i":{"x":[0.026,0.026,0.667],"y":[1.032,1.032,1]},"o":{"x":[0.961,0.961,0.333],"y":[0,0,0]},"t":45,"s":[0,0,100]},{"t":55,"s":[100,100,100]}],"ix":6,"l":2}},"ao":0,"shapes":[{"ty":"gr","it":[{"ind":0,"ty":"sh","ix":1,"ks":{"a":0,"k":{"i":[[0,0],[0,0],[0,0],[0,0]],"o":[[0,0],[0,0],[0,0],[0,0]],"v":[[-147,81.834],[147,81.834],[147,-81.834],[-147,-81.834]],"c":true},"ix":2},"nm":"Path 1","mn":"ADBE Vector Shape - Group","hd":false},{"ty":"fl","c":{"a":0,"k":[0.803921568627,0.81568627451,0.878431372549,1],"ix":4},"o":{"a":0,"k":100,"ix":5},"r":1,"bm":0,"nm":"Fill 1","mn":"ADBE Vector Graphic - Fill","hd":false},{"ty":"tr","p":{"a":0,"k":[147.25,82.084],"ix":2},"a":{"a":0,"k":[0,0],"ix":1},"s":{"a":0,"k":[100,100],"ix":3},"r":{"a":0,"k":0,"ix":6},"o":{"a":0,"k":100,"ix":7},"sk":{"a":0,"k":0,"ix":4},"sa":{"a":0,"k":0,"ix":5},"nm":"Transform"}],"nm":"Group 1","np":2,"cix":2,"bm":0,"ix":1,"mn":"ADBE Vector Group","hd":false}],"ip":0,"op":100,"st":0,"bm":0},{"ddd":0,"ind":10,"ty":4,"nm":"computer","parent":1,"sr":1,"ks":{"o":{"a":0,"k":100,"ix":11},"r":{"a":0,"k":0,"ix":10},"p":{"a":1,"k":[{"i":{"x":0.007,"y":1},"o":{"x":0.478,"y":0},"t":25,"s":[623.749,-86.75,0],"to":[-103.167,0,0],"ti":[103.167,0,0]},{"t":45,"s":[4.749,-86.75,0]}],"ix":2,"l":2},"a":{"a":0,"k":[204.75,110,0],"ix":1,"l":2},"s":{"a":0,"k":[100,100,100],"ix":6,"l":2}},"ao":0,"shapes":[{"ty":"gr","it":[{"ind":0,"ty":"sh","ix":1,"ks":{"a":0,"k":{"i":[[0,-1.519],[0.758,0],[0,0],[0,1.519],[-0.76,0],[0,0]],"o":[[0,1.519],[0,0],[-0.76,0],[0,-1.519],[0,0],[0.758,0]],"v":[[33.188,0],[31.816,2.75],[-31.814,2.75],[-33.188,0],[-31.814,-2.75],[31.816,-2.75]],"c":true},"ix":2},"nm":"Path 1","mn":"ADBE Vector Shape - Group","hd":false},{"ty":"fl","c":{"a":0,"k":[0.854332359164,0.858271879308,0.905879480699,1],"ix":4},"o":{"a":0,"k":100,"ix":5},"r":1,"bm":0,"nm":"Fill 1","mn":"ADBE Vector Graphic - Fill","hd":false},{"ty":"tr","p":{"a":0,"k":[205.001,203.417],"ix":2},"a":{"a":0,"k":[0,0],"ix":1},"s":{"a":0,"k":[100,100],"ix":3},"r":{"a":0,"k":0,"ix":6},"o":{"a":0,"k":100,"ix":7},"sk":{"a":0,"k":0,"ix":4},"sa":{"a":0,"k":0,"ix":5},"nm":"Transform"}],"nm":"Group 1","np":2,"cix":2,"bm":0,"ix":1,"mn":"ADBE Vector Group","hd":false},{"ty":"gr","it":[{"ind":0,"ty":"sh","ix":1,"ks":{"a":0,"k":{"i":[[0,0],[0,0],[0,0],[0,0]],"o":[[0,0],[0,0],[0,0],[0,0]],"v":[[-202.75,-3],[-184.75,3],[183.25,3],[202.75,-3]],"c":true},"ix":2},"nm":"Path 1","mn":"ADBE Vector Shape - Group","hd":false},{"ty":"fl","c":{"a":0,"k":[0.854332359164,0.858271879308,0.905879480699,1],"ix":4},"o":{"a":0,"k":100,"ix":5},"r":1,"bm":0,"nm":"Fill 1","mn":"ADBE Vector Graphic - Fill","hd":false},{"ty":"tr","p":{"a":0,"k":[205.501,215.25],"ix":2},"a":{"a":0,"k":[0,0],"ix":1},"s":{"a":0,"k":[100,100],"ix":3},"r":{"a":0,"k":0,"ix":6},"o":{"a":0,"k":100,"ix":7},"sk":{"a":0,"k":0,"ix":4},"sa":{"a":0,"k":0,"ix":5},"nm":"Transform"}],"nm":"Group 2","np":2,"cix":2,"bm":0,"ix":2,"mn":"ADBE Vector Group","hd":false},{"ty":"gr","it":[{"ind":0,"ty":"sh","ix":1,"ks":{"a":0,"k":{"i":[[0,0],[0,0],[0,0],[0,0],[0,0],[0,0]],"o":[[0,0],[0,0],[0,0],[0,0],[0,0],[0,0]],"v":[[-183.804,7],[183.807,7],[201.501,2.344],[201.501,-7],[-201.499,-7],[-201.499,2.344]],"c":true},"ix":2},"nm":"Path 1","mn":"ADBE Vector Shape - Group","hd":false},{"ind":1,"ty":"sh","ix":2,"ks":{"a":0,"k":{"i":[[0,0],[0,0],[0,0],[0,0],[0,0],[0,0]],"o":[[0,0],[0,0],[0,0],[0,0],[0,0],[0,0]],"v":[[184.196,10],[-184.381,9.951],[-204.5,4.656],[-204.5,-10],[204.5,-10],[204.5,4.656]],"c":true},"ix":2},"nm":"Path 2","mn":"ADBE Vector Shape - Group","hd":false},{"ty":"mm","mm":1,"nm":"Merge Paths 1","mn":"ADBE Vector Filter - Merge","hd":false},{"ty":"fl","c":{"a":0,"k":[0.854332359164,0.858271879308,0.905879480699,1],"ix":4},"o":{"a":0,"k":100,"ix":5},"r":1,"bm":0,"nm":"Fill 1","mn":"ADBE Vector Graphic - Fill","hd":false},{"ty":"tr","p":{"a":0,"k":[204.75,209.75],"ix":2},"a":{"a":0,"k":[0,0],"ix":1},"s":{"a":0,"k":[100,100],"ix":3},"r":{"a":0,"k":0,"ix":6},"o":{"a":0,"k":100,"ix":7},"sk":{"a":0,"k":0,"ix":4},"sa":{"a":0,"k":0,"ix":5},"nm":"Transform"}],"nm":"Group 3","np":4,"cix":2,"bm":0,"ix":3,"mn":"ADBE Vector Group","hd":false},{"ty":"gr","it":[{"ind":0,"ty":"sh","ix":1,"ks":{"a":0,"k":{"i":[[0,0],[0,0],[0,0],[0,0],[0,0],[0,0]],"o":[[0,0],[0,0],[0,0],[0,0],[0,0],[0,0]],"v":[[203,3.5],[184,8.5],[-184,8.5],[-203,3.5],[-203,-8.5],[203,-8.5]],"c":true},"ix":2},"nm":"Path 1","mn":"ADBE Vector Shape - Group","hd":false},{"ty":"fl","c":{"a":0,"k":[1,0.999998922909,1,1],"ix":4},"o":{"a":0,"k":100,"ix":5},"r":1,"bm":0,"nm":"Fill 1","mn":"ADBE Vector Graphic - Fill","hd":false},{"ty":"tr","p":{"a":0,"k":[204.751,209.75],"ix":2},"a":{"a":0,"k":[0,0],"ix":1},"s":{"a":0,"k":[100,100],"ix":3},"r":{"a":0,"k":0,"ix":6},"o":{"a":0,"k":100,"ix":7},"sk":{"a":0,"k":0,"ix":4},"sa":{"a":0,"k":0,"ix":5},"nm":"Transform"}],"nm":"Group 4","np":2,"cix":2,"bm":0,"ix":4,"mn":"ADBE Vector Group","hd":false},{"ty":"gr","it":[{"ind":0,"ty":"sh","ix":1,"ks":{"a":0,"k":{"i":[[0,0],[11.045,0],[0,0],[0,11.046],[0,0],[-11.046,0],[0,0],[0,-11.046]],"o":[[0,11.046],[0,0],[-11.046,0],[0,0],[0,-11.046],[0,0],[11.045,0],[0,0]],"v":[[161,84],[141,104],[-141,104],[-161,84],[-161,-84],[-141,-104],[141,-104],[161,-84]],"c":true},"ix":2},"nm":"Path 1","mn":"ADBE Vector Shape - Group","hd":false},{"ty":"fl","c":{"a":0,"k":[0.262546763701,0.207237183814,0.343636995203,1],"ix":4},"o":{"a":0,"k":100,"ix":5},"r":1,"bm":0,"nm":"Fill 1","mn":"ADBE Vector Graphic - Fill","hd":false},{"ty":"tr","p":{"a":0,"k":[205.001,104.25],"ix":2},"a":{"a":0,"k":[0,0],"ix":1},"s":{"a":0,"k":[100,100],"ix":3},"r":{"a":0,"k":0,"ix":6},"o":{"a":0,"k":100,"ix":7},"sk":{"a":0,"k":0,"ix":4},"sa":{"a":0,"k":0,"ix":5},"nm":"Transform"}],"nm":"Group 5","np":2,"cix":2,"bm":0,"ix":5,"mn":"ADBE Vector Group","hd":false}],"ip":0,"op":100,"st":0,"bm":0},{"ddd":0,"ind":11,"ty":4,"nm":"planty","parent":1,"sr":1,"ks":{"o":{"a":0,"k":100,"ix":11},"r":{"a":0,"k":0,"ix":10},"p":{"a":0,"k":[-290.638,23.543,0],"ix":2,"l":2},"a":{"a":0,"k":[48.627,170.778,0],"ix":1,"l":2},"s":{"a":1,"k":[{"i":{"x":[0.007,0.007,0.667],"y":[1.02,1.02,1]},"o":{"x":[0.459,0.459,0.333],"y":[0.016,0.016,0]},"t":15,"s":[0,0,100]},{"t":35,"s":[100,100,100]}],"ix":6,"l":2}},"ao":0,"shapes":[{"ty":"gr","it":[{"ind":0,"ty":"sh","ix":1,"ks":{"a":0,"k":{"i":[[0,-24.972],[0,0],[-27.775,0],[0,0],[10.069,-17.949]],"o":[[0,0],[0,-50.16],[0,0],[-14.433,0],[-9.915,17.676]],"v":[[-26.686,46.984],[-23.686,46.984],[26.686,-43.984],[26.686,-46.984],[-11.31,-19.15]],"c":true},"ix":2},"nm":"Path 1","mn":"ADBE Vector Shape - Group","hd":false},{"ty":"fl","c":{"a":0,"k":[0.854332359164,0.858271879308,0.905879480699,1],"ix":4},"o":{"a":0,"k":100,"ix":5},"r":1,"bm":0,"nm":"Fill 1","mn":"ADBE Vector Graphic - Fill","hd":false},{"ty":"tr","p":{"a":0,"k":[77.622,72.513],"ix":2},"a":{"a":0,"k":[0,0],"ix":1},"s":{"a":0,"k":[100,100],"ix":3},"r":{"a":0,"k":0,"ix":6},"o":{"a":0,"k":100,"ix":7},"sk":{"a":0,"k":0,"ix":4},"sa":{"a":0,"k":0,"ix":5},"nm":"Transform"}],"nm":"Group 1","np":2,"cix":2,"bm":0,"ix":1,"mn":"ADBE Vector Group","hd":false},{"ty":"gr","it":[{"ind":0,"ty":"sh","ix":1,"ks":{"a":0,"k":{"i":[[0.069,-0.409],[-3.482,-0.582],[-0.634,0],[-0.069,0.41],[3.481,0.582],[0.634,0]],"o":[[-0.095,0.565],[0.66,0.11],[2.465,0],[0.094,-0.565],[-0.66,-0.11],[-2.467,0]],"v":[[-22.118,-6.439],[-17.082,-3.594],[-15.132,-3.427],[-11.397,-4.643],[-16.432,-7.487],[-18.381,-7.653]],"c":true},"ix":2},"nm":"Path 1","mn":"ADBE Vector Shape - Group","hd":false},{"ind":1,"ty":"sh","ix":2,"ks":{"a":0,"k":{"i":[[0.824,0.138],[-0.468,2.798],[-3.689,0],[-0.823,-0.138],[0.467,-2.798],[3.687,0]],"o":[[-4.742,-0.793],[0.379,-2.26],[0.799,0],[4.741,0.793],[-0.379,2.26],[-0.8,0]],"v":[[-17.578,-0.635],[-25.077,-6.934],[-18.381,-10.653],[-15.937,-10.446],[-8.438,-4.148],[-15.132,-0.427]],"c":true},"ix":2},"nm":"Path 2","mn":"ADBE Vector Shape - Group","hd":false},{"ind":2,"ty":"sh","ix":3,"ks":{"a":0,"k":{"i":[[1.354,-0.418],[0,0],[1.252,0.784],[0.586,1.307],[-0.468,1.386],[-1.459,0.465],[-4.944,-0.02],[-0.773,2.254],[-0.383,2.294],[-3.687,0],[-0.353,-0.026],[-0.217,2.887],[2.509,-0.999],[2.985,-2.893],[0,0],[1.472,0.136],[1.109,0.899],[0.207,1.447],[-1.072,1.057],[-5.826,2.379],[-4.346,0.744],[0.387,1.215],[0,0],[4.664,2.916],[1.601,-1.388],[2.03,-4.009],[0,0],[1.421,-0.421],[1.364,0.477],[0.66,1.386],[-0.704,1.425],[-5.041,4.525],[3.066,-0.981],[1.551,-0.65],[3.53,-9.35],[0,0],[0,0],[5.535,0],[4.752,-1.992],[1.687,-0.884],[2.233,-2.576],[-5.611,-1.884],[-0.559,-1.503],[0.685,-1.46],[1.237,-0.676],[1.245,0.408],[0,0],[5.25,-0.411],[2.191,-0.44],[-0.504,-3.709],[0,0],[-0.329,-0.056],[0.369,-2.207],[1.609,-0.424],[0,0],[-0.766,-1.125],[-3.79,1.627],[-5.811,0.064],[-0.954,-1.246],[0.152,-1.576],[0.868,-1.052],[1.255,-0.019],[0,0],[4.34,-1.916],[2.408,-1.638],[-9.367,-3.776],[-4.068,2.118],[-1.404,-0.675],[-0.574,-1.472],[0.298,-1.332],[1.11,-0.584],[0,0],[1.207,-0.904],[-12.924,-2.116],[-4.82,9.229]],"o":[[0,0],[-1.188,0.38],[-1.158,-0.722],[-0.647,-1.448],[0.516,-1.506],[4.365,-1.414],[0.967,-2.329],[-3.418,-1.179],[0.379,-2.26],[0.346,0],[0.707,-3.165],[-2.853,0.568],[-4.409,1.749],[0,0],[-0.889,0.875],[-1.361,-0.12],[-1.235,-0.997],[-0.221,-1.556],[4.074,-4.052],[3.822,-1.561],[-0.265,-1.337],[0,0],[-2.839,-5.337],[-1.853,1.254],[-4.007,3.484],[0,0],[-0.582,1.174],[-1.34,0.404],[-1.519,-0.534],[-0.685,-1.466],[2.601,-5.339],[-3.426,-0.217],[-1.807,0.582],[-12.598,5.279],[0,0],[0,0],[-6.134,-2.713],[-4.097,0],[-1.545,0.646],[-2.879,1.511],[6.757,-0.422],[1.495,0.492],[0.521,1.431],[-0.618,1.313],[-1.296,0.716],[0,0],[-4.268,-1.359],[-2.113,0.167],[-0.771,3.479],[0,0],[0.33,0],[2.705,0.453],[-0.247,1.477],[0,0],[0.598,1.13],[3.58,-2.579],[5.781,-2.484],[1.507,0],[0.883,1.161],[-0.139,1.425],[-0.946,1.151],[0,0],[-4.168,0.1],[-2.469,1.087],[5.756,4.869],[3.441,-3.574],[1.328,-0.698],[1.316,0.639],[0.522,1.333],[-0.324,1.455],[0,0],[-1.25,0.674],[9.954,3.035],[7.551,-10.693],[-1.494,0.229]],"v":[[40.9,23.919],[40.519,24.038],[36.753,23.418],[34.049,20.272],[33.771,15.88],[36.88,12.776],[50.933,10.723],[53.55,3.831],[48.482,-1.853],[55.177,-5.573],[56.226,-5.534],[57.617,-14.635],[49.547,-12.277],[38.4,-5.277],[38.107,-4.988],[34.469,-3.841],[30.637,-5.423],[28.401,-9.213],[29.766,-13.388],[44.684,-23.08],[56.981,-26.55],[56.002,-30.388],[53.667,-35.962],[42.365,-48.392],[37.166,-44.414],[28.064,-33.113],[27.865,-32.708],[24.799,-30.269],[20.572,-30.379],[17.197,-33.351],[17.23,-37.904],[28.746,-52.767],[18.894,-51.597],[13.833,-49.741],[-5.997,-27.539],[-6.557,-26.056],[-8.007,-26.697],[-24.589,-31.091],[-37.739,-28.131],[-42.61,-25.825],[-50.357,-19.623],[-31.689,-17.411],[-28.409,-14.23],[-28.661,-9.749],[-31.541,-6.663],[-35.442,-6.185],[-35.848,-6.321],[-50.303,-7.761],[-56.783,-6.846],[-57.185,3.97],[-57.181,3.97],[-56.188,4.053],[-52.021,8.796],[-55.054,11.825],[-53.513,15.502],[-51.462,18.892],[-40.364,12.558],[-22.928,8.719],[-19.056,10.678],[-17.924,14.924],[-19.485,18.766],[-22.852,20.555],[-23.254,20.563],[-36.074,23.6],[-43.414,27.701],[-20.648,40.718],[-9.337,32.142],[-4.935,32.101],[-2.004,35.377],[-1.656,39.51],[-3.849,42.628],[-4.202,42.815],[-7.895,45.186],[26.552,52.943],[45.177,22.947]],"c":true},"ix":2},"nm":"Path 3","mn":"ADBE Vector Shape - Group","hd":false},{"ind":3,"ty":"sh","ix":4,"ks":{"a":0,"k":{"i":[[0,0],[10.904,3.513],[0,0],[0,0],[-2.202,1.185],[0,0],[-0.089,0.398],[0.303,0.774],[0.628,0.305],[0.52,-0.273],[3.391,-3.669],[0,0],[0,0],[6.346,5.778],[0,0],[0,0],[-3.194,1.406],[-4.571,0.109],[0,0],[-0.26,0.314],[-0.08,0.826],[0.421,0.554],[0.599,0],[0,0],[5.416,-2.326],[3.766,-2.85],[0,0],[0,0],[0.892,1.694],[0,0],[0,0],[-0.068,0.408],[1.123,0.187],[0.389,-0.125],[0,0],[0,0],[-1.176,4.613],[0,0],[0,0],[-2.544,0.2],[-4.661,-1.486],[0,0],[-0.572,0.317],[-0.342,0.73],[0.243,0.665],[0.646,0.213],[6.454,-0.428],[1.214,-0.143],[0,0],[0,0],[-4.252,2.232],[-1.622,0.68],[-4.503,0],[-5.709,-2.438],[-12.981,5.44],[-1.89,0.608],[-4.973,-0.893],[0,0],[0,0],[0.663,-0.588],[2.471,-5.071],[-0.287,-0.616],[-0.758,-0.267],[-0.744,0.223],[-0.202,0.409],[0,0],[-4.302,3.741],[-2.256,1.475],[0,0],[0,0],[-3.267,-6.168],[0,0],[0,0],[-0.326,-2.042],[0,0],[0,0],[4.043,-1.651],[3.795,-3.777],[-0.089,-0.624],[-0.645,-0.522],[-0.763,-0.068],[-0.251,0.246],[0,0],[-4.776,1.895],[-3.749,0.608],[0,0],[0,0],[1.095,-4.521],[0,0],[0,0],[0,0],[0.609,0],[0.069,-0.41],[-3,-0.675],[0,0],[0,0],[1.376,-3.239],[0,0],[0,0],[4.348,-1.409],[0.204,-0.594],[-0.337,-0.755],[-0.649,-0.404],[-0.379,0.122],[0,0],[-2.707,0.191],[0,0],[0,0],[8.564,-12.063],[0,0]],"o":[[-14.613,-2.355],[0,0],[0,0],[2.033,-1.796],[0,0],[0.391,-0.206],[0.167,-0.745],[-0.3,-0.77],[-0.556,-0.268],[-4.047,2.108],[0,0],[0,0],[-10.932,-4.308],[0,0],[0,0],[3.068,-2.249],[4.701,-2.075],[0,0],[0.443,-0.007],[0.486,-0.59],[0.08,-0.822],[-0.38,-0.495],[0,0],[-5.346,0.059],[-4.008,1.722],[0,0],[0,0],[-1.225,-1.66],[0,0],[0,0],[1.045,0.176],[0.064,-0.389],[-0.461,-0.079],[0,0],[0,0],[-0.886,-4.953],[0,0],[0,0],[2.635,-0.573],[5.643,-0.443],[0,0],[0.44,0.145],[0.68,-0.371],[0.343,-0.729],[-0.242,-0.647],[-5.33,-1.788],[-0.877,0.061],[0,0],[0,0],[2.869,-4.198],[1.764,-0.924],[5.126,-2.148],[5.576,0],[3.541,-9.077],[1.63,-0.683],[4.534,-1.452],[0,0],[0,0],[-0.947,0.759],[-4.854,4.315],[-0.298,0.603],[0.31,0.649],[0.76,0.267],[0.617,-0.184],[0,0],[2.214,-4.372],[1.928,-1.672],[0,0],[0,0],[5.539,3.226],[0,0],[0,0],[0.582,1.818],[0,0],[0,0],[-4.666,0.686],[-5.457,2.229],[-0.41,0.403],[0.099,0.692],[0.643,0.521],[0.562,0.047],[0,0],[3.277,-3.177],[3.246,-1.293],[0,0],[0,0],[-0.154,4.011],[0,0],[0,0],[0,0],[-0.633,-0.103],[-2.465,0],[-0.094,0.566],[0,0],[0,0],[-1.011,3.098],[0,0],[0,0],[-4.922,-0.144],[-0.551,0.176],[-0.224,0.663],[0.339,0.757],[0.486,0.304],[0,0],[2.379,-0.736],[0,0],[0,0],[-5.147,10.243],[0,0],[0,0]],"v":[[26.992,56.057],[-11.465,47.214],[-13.974,46.407],[-11.998,44.663],[-5.618,40.172],[-5.254,39.979],[-4.587,38.859],[-4.801,36.472],[-6.242,34.805],[-7.949,34.802],[-19.158,43.509],[-19.854,44.263],[-20.808,43.887],[-46.845,28.687],[-48.199,27.453],[-46.721,26.368],[-37.285,20.859],[-23.318,17.567],[-22.902,17.559],[-21.8,16.864],[-20.909,14.638],[-21.439,12.502],[-22.959,11.723],[-22.96,11.723],[-39.179,15.318],[-50.894,22.207],[-52.105,23.123],[-53.007,21.901],[-56.196,16.846],[-59.69,8.52],[-57.008,8.969],[-54.977,8.305],[-56.682,7.016],[-57.973,7.093],[-59.608,7.622],[-59.911,5.93],[-59.473,-8.487],[-59.244,-9.384],[-58.339,-9.581],[-50.535,-10.747],[-34.916,-9.169],[-34.497,-9.029],[-32.982,-9.287],[-31.373,-11.02],[-31.22,-13.187],[-32.632,-14.559],[-50.445,-16.606],[-53.47,-16.312],[-56.743,-15.926],[-54.883,-18.648],[-43.999,-28.477],[-38.895,-30.893],[-24.585,-34.085],[-8.235,-30.064],[12.677,-52.503],[17.981,-54.448],[32.621,-55.313],[35.871,-54.73],[33.293,-52.666],[30.965,-50.719],[19.928,-36.577],[19.914,-34.625],[21.57,-33.204],[23.942,-33.137],[25.178,-34.032],[25.383,-34.449],[35.202,-46.675],[41.507,-51.418],[42.282,-51.926],[43.083,-51.459],[56.353,-37.303],[58.798,-31.483],[58.843,-31.36],[60.21,-25.542],[60.448,-24.042],[58.946,-23.821],[45.821,-20.3],[31.88,-11.252],[31.373,-9.633],[32.526,-7.752],[34.737,-6.826],[36.005,-7.123],[36.306,-7.42],[48.443,-15.063],[58.987,-17.927],[60.797,-18.221],[60.727,-16.389],[58.844,-3.531],[58.567,-2.385],[57.172,-2.385],[57.053,-2.419],[55.182,-2.572],[51.446,-1.357],[55.805,1.354],[57.412,1.716],[56.902,3.282],[53.305,12.831],[52.904,13.775],[51.879,13.743],[37.803,15.631],[36.616,16.845],[36.792,19.045],[38.346,20.872],[39.619,21.177],[40.014,21.054],[47.678,19.657],[50.309,19.47],[49.124,21.826],[28.459,55.444],[27.918,56.206]],"c":true},"ix":2},"nm":"Path 4","mn":"ADBE Vector Shape - Group","hd":false},{"ty":"mm","mm":1,"nm":"Merge Paths 1","mn":"ADBE Vector Filter - Merge","hd":false},{"ty":"fl","c":{"a":0,"k":[0.854332359164,0.858271879308,0.905879480699,1],"ix":4},"o":{"a":0,"k":100,"ix":5},"r":1,"bm":0,"nm":"Fill 1","mn":"ADBE Vector Graphic - Fill","hd":false},{"ty":"tr","p":{"a":0,"k":[110.835,56.456],"ix":2},"a":{"a":0,"k":[0,0],"ix":1},"s":{"a":0,"k":[100,100],"ix":3},"r":{"a":0,"k":0,"ix":6},"o":{"a":0,"k":100,"ix":7},"sk":{"a":0,"k":0,"ix":4},"sa":{"a":0,"k":0,"ix":5},"nm":"Transform"}],"nm":"Group 2","np":6,"cix":2,"bm":0,"ix":2,"mn":"ADBE Vector Group","hd":false},{"ty":"gr","it":[{"ind":0,"ty":"sh","ix":1,"ks":{"a":0,"k":{"i":[[-0.315,1.894],[-3.778,-0.633],[0.314,-1.892],[3.777,0.631]],"o":[[0.317,-1.892],[3.777,0.631],[-0.318,1.892],[-3.779,-0.633]],"v":[[-23.546,-6.613],[-16.132,-8.894],[-9.864,-4.324],[-17.278,-2.042]],"c":true},"ix":2},"nm":"Path 1","mn":"ADBE Vector Shape - Group","hd":false},{"ind":1,"ty":"sh","ix":2,"ks":{"a":0,"k":{"i":[[1.85,0.308],[0,0],[-1.182,-1.604],[-4.332,1.86],[-5.875,0.064],[-0.643,-0.84],[0.118,-1.209],[0.623,-0.754],[0.84,-0.013],[0,0],[4.304,-1.901],[2.883,-2.116],[-11.363,-4.479],[-4.439,2.313],[-0.953,-0.458],[-0.442,-1.134],[0.213,-0.954],[0.743,-0.39],[0,0],[1.886,-1.665],[-15.14,-2.44],[0,0],[-4.949,9.846],[2.352,-0.727],[0,0],[0.84,0.526],[0.496,1.109],[-0.341,1.016],[-1.044,0.334],[-4.856,-0.151],[-0.977,2.996],[-0.295,1.764],[-3.776,-0.633],[-0.001,0.001],[-0.149,3.838],[3.255,-1.294],[3.25,-3.149],[0,0],[0.988,0.088],[0.945,0.764],[0.152,1.061],[-0.779,0.768],[-5.246,2.143],[-4.574,0.673],[0.563,1.762],[0,0],[4.886,2.849],[1.923,-1.67],[2.233,-4.406],[0,0],[0.983,-0.292],[1.147,0.402],[0.478,1.005],[-0.526,1.063],[-4.543,4.04],[-0.809,0.647],[4.169,-1.338],[1.586,-0.664],[3.888,-10.303],[12.71,-5.326],[1.743,-0.911],[2.807,-4.11],[-1.037,0.07],[-6.034,-2.024],[-0.383,-1.025],[0.515,-1.101],[0.883,-0.483],[0.87,0.285],[0,0],[5.16,-0.403],[2.523,-0.548],[-0.89,-4.971],[-0.719,-0.121],[0.226,-1.356]],"o":[[0,0],[0.861,1.637],[3.687,-2.788],[5.207,-2.238],[1.094,-0.017],[0.648,0.852],[-0.117,1.209],[-0.629,0.767],[0,0],[-4.524,0.107],[-3.206,1.412],[5.917,5.388],[3.297,-3.57],[0.97,-0.509],[0.964,0.467],[0.443,1.132],[-0.215,0.967],[0,0],[-2.168,1.167],[10.488,3.378],[0,0],[8.877,-12.503],[-2.512,0.178],[0,0],[-0.799,0.256],[-0.831,-0.517],[-0.496,-1.111],[0.343,-1.002],[4.761,-1.542],[1.399,-3.295],[-3.387,-0.761],[0.317,-1.891],[0.003,0.001],[1.1,-4.546],[-3.529,0.572],[-4.373,1.736],[0,0],[-0.597,0.59],[-0.975,-0.085],[-0.945,-0.764],[-0.146,-1.047],[4.165,-4.144],[4.365,-1.783],[-0.313,-1.968],[0,0],[-3.339,-6.301],[-2.161,1.413],[-3.907,3.396],[0,0],[-0.406,0.82],[-0.963,0.29],[-1.147,-0.404],[-0.463,-0.99],[2.786,-5.721],[0.779,-0.688],[-4.898,-0.879],[-1.873,0.601],[-12.711,5.327],[-10.071,-4.452],[-1.587,0.665],[-3.877,2.035],[1.027,-0.123],[6.066,-0.408],[1.125,0.371],[0.381,1.046],[-0.518,1.098],[-0.896,0.495],[0,0],[-4.706,-1.499],[-2.537,0.201],[-1.063,4.171],[0.592,-0.19],[1.848,0.309],[-0.228,1.361]],"v":[[-57.208,10.522],[-54.819,16.221],[-51.75,21.082],[-39.722,14.013],[-22.927,10.295],[-20.2,11.661],[-19.368,14.855],[-20.595,17.889],[-22.83,19.131],[-23.239,19.138],[-36.629,22.303],[-45.783,27.649],[-20.208,42.564],[-8.589,33.543],[-5.539,33.526],[-3.351,35.999],[-3.072,39.259],[-4.504,41.378],[-4.865,41.57],[-10.953,45.858],[27.283,54.648],[27.283,54.647],[47.832,21.225],[40.505,22.557],[40.113,22.681],[37.599,22.215],[35.47,19.73],[35.241,16.436],[37.394,14.273],[51.971,12.316],[55.522,2.888],[50.013,-1.533],[57.425,-3.814],[57.433,-3.813],[59.275,-16.376],[49.044,-13.6],[37.398,-6.273],[37.105,-5.986],[34.652,-5.263],[31.629,-6.516],[29.936,-9.35],[30.875,-12.252],[45.301,-21.618],[58.777,-25.235],[57.464,-30.833],[55.076,-36.532],[42.378,-50.095],[36.234,-45.472],[26.768,-33.702],[26.573,-33.301],[24.417,-31.631],[21.121,-31.72],[18.608,-33.913],[18.63,-37.172],[30.016,-51.773],[32.403,-53.769],[18.487,-52.95],[13.305,-51.052],[-7.347,-27.996],[-38.266,-29.441],[-43.254,-27.08],[-53.595,-17.731],[-50.499,-18.032],[-32.104,-15.912],[-29.764,-13.642],[-29.965,-10.312],[-32.213,-7.9],[-34.915,-7.535],[-35.338,-7.676],[-50.367,-9.184],[-57.97,-8.046],[-58.385,5.735],[-56.384,5.606],[-53.448,8.621]],"c":true},"ix":2},"nm":"Path 2","mn":"ADBE Vector Shape - Group","hd":false},{"ty":"mm","mm":1,"nm":"Merge Paths 1","mn":"ADBE Vector Filter - Merge","hd":false},{"ty":"fl","c":{"a":0,"k":[0.962932272518,0.96741769828,0.981589882047,1],"ix":4},"o":{"a":0,"k":100,"ix":5},"r":1,"bm":0,"nm":"Fill 1","mn":"ADBE Vector Graphic - Fill","hd":false},{"ty":"tr","p":{"a":0,"k":[110.072,56.682],"ix":2},"a":{"a":0,"k":[0,0],"ix":1},"s":{"a":0,"k":[100,100],"ix":3},"r":{"a":0,"k":0,"ix":6},"o":{"a":0,"k":100,"ix":7},"sk":{"a":0,"k":0,"ix":4},"sa":{"a":0,"k":0,"ix":5},"nm":"Transform"}],"nm":"Group 3","np":4,"cix":2,"bm":0,"ix":3,"mn":"ADBE Vector Group","hd":false},{"ty":"gr","it":[{"ind":0,"ty":"sh","ix":1,"ks":{"a":0,"k":{"i":[[0,0],[0,-12.721],[-10.752,0],[0,0],[0,12.723],[10.752,0]],"o":[[-10.752,0],[0,12.724],[0,0],[10.752,0],[0,-12.722],[0,0]],"v":[[-29.041,-23.074],[-48.54,0],[-29.041,23.074],[29.042,23.074],[48.54,0],[29.042,-23.074]],"c":true},"ix":2},"nm":"Path 1","mn":"ADBE Vector Shape - Group","hd":false},{"ind":1,"ty":"sh","ix":2,"ks":{"a":0,"k":{"i":[[0,14.377],[-12.406,0],[0,0],[0,-14.377],[12.406,0],[0,0]],"o":[[0,-14.377],[0,0],[12.406,0],[0,14.377],[0,0],[-12.406,0]],"v":[[-51.54,0],[-29.041,-26.074],[29.042,-26.074],[51.54,0],[29.042,26.074],[-29.041,26.074]],"c":true},"ix":2},"nm":"Path 2","mn":"ADBE Vector Shape - Group","hd":false},{"ty":"mm","mm":1,"nm":"Merge Paths 1","mn":"ADBE Vector Filter - Merge","hd":false},{"ty":"fl","c":{"a":0,"k":[0.854332359164,0.858271879308,0.905879480699,1],"ix":4},"o":{"a":0,"k":100,"ix":5},"r":1,"bm":0,"nm":"Fill 1","mn":"ADBE Vector Graphic - Fill","hd":false},{"ty":"tr","p":{"a":0,"k":[51.79,144.652],"ix":2},"a":{"a":0,"k":[0,0],"ix":1},"s":{"a":0,"k":[100,100],"ix":3},"r":{"a":0,"k":0,"ix":6},"o":{"a":0,"k":100,"ix":7},"sk":{"a":0,"k":0,"ix":4},"sa":{"a":0,"k":0,"ix":5},"nm":"Transform"}],"nm":"Group 4","np":4,"cix":2,"bm":0,"ix":4,"mn":"ADBE Vector Group","hd":false},{"ty":"gr","it":[{"ind":0,"ty":"sh","ix":1,"ks":{"a":0,"k":{"i":[[0,-13.572],[-11.598,0],[0,0],[0,13.571],[11.597,0],[0,0]],"o":[[0,13.571],[0,0],[11.597,0],[0,-13.571],[0,0],[-11.598,-0.001]],"v":[[-50.04,0],[-29.042,24.573],[29.042,24.573],[50.04,0],[29.042,-24.572],[-29.042,-24.572]],"c":true},"ix":2},"nm":"Path 1","mn":"ADBE Vector Shape - Group","hd":false},{"ty":"fl","c":{"a":0,"k":[1,0.999998922909,1,1],"ix":4},"o":{"a":0,"k":100,"ix":5},"r":1,"bm":0,"nm":"Fill 1","mn":"ADBE Vector Graphic - Fill","hd":false},{"ty":"tr","p":{"a":0,"k":[51.791,144.503],"ix":2},"a":{"a":0,"k":[0,0],"ix":1},"s":{"a":0,"k":[100,100],"ix":3},"r":{"a":0,"k":0,"ix":6},"o":{"a":0,"k":100,"ix":7},"sk":{"a":0,"k":0,"ix":4},"sa":{"a":0,"k":0,"ix":5},"nm":"Transform"}],"nm":"Group 5","np":2,"cix":2,"bm":0,"ix":5,"mn":"ADBE Vector Group","hd":false}],"ip":0,"op":100,"st":0,"bm":0},{"ddd":0,"ind":12,"ty":4,"nm":"books","parent":1,"sr":1,"ks":{"o":{"a":0,"k":100,"ix":11},"r":{"a":0,"k":0,"ix":10},"p":{"a":0,"k":[287.961,23.475,0],"ix":2,"l":2},"a":{"a":0,"k":[60.852,138.399,0],"ix":1,"l":2},"s":{"a":1,"k":[{"i":{"x":[0.014,0.014,0.667],"y":[1.013,1.013,1]},"o":{"x":[0.459,0.459,0.333],"y":[0.008,0.008,0]},"t":10,"s":[0,0,100]},{"t":30,"s":[100,100,100]}],"ix":6,"l":2}},"ao":0,"shapes":[{"ty":"gr","it":[{"ind":0,"ty":"sh","ix":1,"ks":{"a":0,"k":{"i":[[0,0],[0,0],[0,0],[0,0]],"o":[[0,0],[0,0],[0,0],[0,0]],"v":[[-24.111,-61.532],[10.142,65.304],[24.112,61.532],[-10.14,-65.305]],"c":true},"ix":2},"nm":"Path 1","mn":"ADBE Vector Shape - Group","hd":false},{"ind":1,"ty":"sh","ix":2,"ks":{"a":0,"k":{"i":[[0,0],[0,0],[0,0],[0,0]],"o":[[0,0],[0,0],[0,0],[0,0]],"v":[[8.029,68.983],[-27.789,-63.646],[-8.027,-68.983],[27.789,63.647]],"c":true},"ix":2},"nm":"Path 2","mn":"ADBE Vector Shape - Group","hd":false},{"ty":"mm","mm":1,"nm":"Merge Paths 1","mn":"ADBE Vector Filter - Merge","hd":false},{"ty":"fl","c":{"a":0,"k":[0.854332359164,0.858271879308,0.905879480699,1],"ix":4},"o":{"a":0,"k":100,"ix":5},"r":1,"bm":0,"nm":"Fill 1","mn":"ADBE Vector Graphic - Fill","hd":false},{"ty":"tr","p":{"a":0,"k":[93.664,69.233],"ix":2},"a":{"a":0,"k":[0,0],"ix":1},"s":{"a":0,"k":[100,100],"ix":3},"r":{"a":0,"k":0,"ix":6},"o":{"a":0,"k":100,"ix":7},"sk":{"a":0,"k":0,"ix":4},"sa":{"a":0,"k":0,"ix":5},"nm":"Transform"}],"nm":"Group 1","np":4,"cix":2,"bm":0,"ix":1,"mn":"ADBE Vector Group","hd":false},{"ty":"gr","it":[{"ind":0,"ty":"sh","ix":1,"ks":{"a":0,"k":{"i":[[0,0],[0,0],[0,0],[0,0]],"o":[[0,0],[0,0],[0,0],[0,0]],"v":[[-25.948,-62.588],[-9.084,-67.141],[25.948,62.587],[9.084,67.141]],"c":true},"ix":2},"nm":"Path 1","mn":"ADBE Vector Shape - Group","hd":false},{"ty":"fl","c":{"a":0,"k":[0.962932272518,0.96741769828,0.981589882047,1],"ix":4},"o":{"a":0,"k":100,"ix":5},"r":1,"bm":0,"nm":"Fill 1","mn":"ADBE Vector Graphic - Fill","hd":false},{"ty":"tr","p":{"a":0,"k":[93.649,69.209],"ix":2},"a":{"a":0,"k":[0,0],"ix":1},"s":{"a":0,"k":[100,100],"ix":3},"r":{"a":0,"k":0,"ix":6},"o":{"a":0,"k":100,"ix":7},"sk":{"a":0,"k":0,"ix":4},"sa":{"a":0,"k":0,"ix":5},"nm":"Transform"}],"nm":"Group 2","np":2,"cix":2,"bm":0,"ix":2,"mn":"ADBE Vector Group","hd":false},{"ty":"gr","it":[{"ind":0,"ty":"sh","ix":1,"ks":{"a":0,"k":{"i":[[0,0],[0,0],[0,0],[0,0]],"o":[[0,0],[0,0],[0,0],[0,0]],"v":[[-7.233,59.777],[7.237,59.777],[7.237,-59.777],[-7.233,-59.777]],"c":true},"ix":2},"nm":"Path 1","mn":"ADBE Vector Shape - Group","hd":false},{"ind":1,"ty":"sh","ix":2,"ks":{"a":0,"k":{"i":[[0,0],[0,0],[0,0],[0,0]],"o":[[0,0],[0,0],[0,0],[0,0]],"v":[[10.235,62.777],[-10.235,62.777],[-10.235,-62.777],[10.235,-62.777]],"c":true},"ix":2},"nm":"Path 2","mn":"ADBE Vector Shape - Group","hd":false},{"ty":"mm","mm":1,"nm":"Merge Paths 1","mn":"ADBE Vector Filter - Merge","hd":false},{"ty":"fl","c":{"a":0,"k":[0.854332359164,0.858271879308,0.905879480699,1],"ix":4},"o":{"a":0,"k":100,"ix":5},"r":1,"bm":0,"nm":"Fill 1","mn":"ADBE Vector Graphic - Fill","hd":false},{"ty":"tr","p":{"a":0,"k":[48.512,75.146],"ix":2},"a":{"a":0,"k":[0,0],"ix":1},"s":{"a":0,"k":[100,100],"ix":3},"r":{"a":0,"k":0,"ix":6},"o":{"a":0,"k":100,"ix":7},"sk":{"a":0,"k":0,"ix":4},"sa":{"a":0,"k":0,"ix":5},"nm":"Transform"}],"nm":"Group 3","np":4,"cix":2,"bm":0,"ix":3,"mn":"ADBE Vector Group","hd":false},{"ty":"gr","it":[{"ind":0,"ty":"sh","ix":1,"ks":{"a":0,"k":{"i":[[0,0],[0,0],[0,0],[0,0]],"o":[[0,0],[0,0],[0,0],[0,0]],"v":[[-8.735,-61.278],[8.735,-61.278],[8.735,61.278],[-8.735,61.278]],"c":true},"ix":2},"nm":"Path 1","mn":"ADBE Vector Shape - Group","hd":false},{"ty":"fl","c":{"a":0,"k":[0.937245088465,0.94074048809,0.963967297124,1],"ix":4},"o":{"a":0,"k":100,"ix":5},"r":1,"bm":0,"nm":"Fill 1","mn":"ADBE Vector Graphic - Fill","hd":false},{"ty":"tr","p":{"a":0,"k":[48.514,75.146],"ix":2},"a":{"a":0,"k":[0,0],"ix":1},"s":{"a":0,"k":[100,100],"ix":3},"r":{"a":0,"k":0,"ix":6},"o":{"a":0,"k":100,"ix":7},"sk":{"a":0,"k":0,"ix":4},"sa":{"a":0,"k":0,"ix":5},"nm":"Transform"}],"nm":"Group 4","np":2,"cix":2,"bm":0,"ix":4,"mn":"ADBE Vector Group","hd":false},{"ty":"gr","it":[{"ind":0,"ty":"sh","ix":1,"ks":{"a":0,"k":{"i":[[0,0],[0,0],[0,0],[0,0]],"o":[[0,0],[0,0],[0,0],[0,0]],"v":[[-6.025,53.327],[6.026,53.327],[6.026,-53.327],[-6.025,-53.327]],"c":true},"ix":2},"nm":"Path 1","mn":"ADBE Vector Shape - Group","hd":false},{"ind":1,"ty":"sh","ix":2,"ks":{"a":0,"k":{"i":[[0,0],[0,0],[0,0],[0,0]],"o":[[0,0],[0,0],[0,0],[0,0]],"v":[[9.026,56.327],[-9.026,56.327],[-9.026,-56.327],[9.026,-56.327]],"c":true},"ix":2},"nm":"Path 2","mn":"ADBE Vector Shape - Group","hd":false},{"ty":"mm","mm":1,"nm":"Merge Paths 1","mn":"ADBE Vector Filter - Merge","hd":false},{"ty":"fl","c":{"a":0,"k":[0.854332359164,0.858271879308,0.905879480699,1],"ix":4},"o":{"a":0,"k":100,"ix":5},"r":1,"bm":0,"nm":"Fill 1","mn":"ADBE Vector Graphic - Fill","hd":false},{"ty":"tr","p":{"a":0,"k":[65.176,81.596],"ix":2},"a":{"a":0,"k":[0,0],"ix":1},"s":{"a":0,"k":[100,100],"ix":3},"r":{"a":0,"k":0,"ix":6},"o":{"a":0,"k":100,"ix":7},"sk":{"a":0,"k":0,"ix":4},"sa":{"a":0,"k":0,"ix":5},"nm":"Transform"}],"nm":"Group 5","np":4,"cix":2,"bm":0,"ix":5,"mn":"ADBE Vector Group","hd":false},{"ty":"gr","it":[{"ind":0,"ty":"sh","ix":1,"ks":{"a":0,"k":{"i":[[0,0],[0,0],[0,0],[0,0]],"o":[[0,0],[0,0],[0,0],[0,0]],"v":[[-7.526,-54.827],[7.526,-54.827],[7.526,54.827],[-7.526,54.827]],"c":true},"ix":2},"nm":"Path 1","mn":"ADBE Vector Shape - Group","hd":false},{"ty":"fl","c":{"a":0,"k":[1,0.999998922909,1,1],"ix":4},"o":{"a":0,"k":100,"ix":5},"r":1,"bm":0,"nm":"Fill 1","mn":"ADBE Vector Graphic - Fill","hd":false},{"ty":"tr","p":{"a":0,"k":[65.177,81.596],"ix":2},"a":{"a":0,"k":[0,0],"ix":1},"s":{"a":0,"k":[100,100],"ix":3},"r":{"a":0,"k":0,"ix":6},"o":{"a":0,"k":100,"ix":7},"sk":{"a":0,"k":0,"ix":4},"sa":{"a":0,"k":0,"ix":5},"nm":"Transform"}],"nm":"Group 6","np":2,"cix":2,"bm":0,"ix":6,"mn":"ADBE Vector Group","hd":false},{"ty":"gr","it":[{"ind":0,"ty":"sh","ix":1,"ks":{"a":0,"k":{"i":[[0,0],[0,0],[0,0],[0,0]],"o":[[0,0],[0,0],[0,0],[0,0]],"v":[[-6.024,53.327],[6.028,53.327],[6.028,-53.327],[-6.024,-53.327]],"c":true},"ix":2},"nm":"Path 1","mn":"ADBE Vector Shape - Group","hd":false},{"ind":1,"ty":"sh","ix":2,"ks":{"a":0,"k":{"i":[[0,0],[0,0],[0,0],[0,0]],"o":[[0,0],[0,0],[0,0],[0,0]],"v":[[9.026,56.327],[-9.026,56.327],[-9.026,-56.327],[9.026,-56.327]],"c":true},"ix":2},"nm":"Path 2","mn":"ADBE Vector Shape - Group","hd":false},{"ty":"mm","mm":1,"nm":"Merge Paths 1","mn":"ADBE Vector Filter - Merge","hd":false},{"ty":"fl","c":{"a":0,"k":[0.854332359164,0.858271879308,0.905879480699,1],"ix":4},"o":{"a":0,"k":100,"ix":5},"r":1,"bm":0,"nm":"Fill 1","mn":"ADBE Vector Graphic - Fill","hd":false},{"ty":"tr","p":{"a":0,"k":[31.849,81.596],"ix":2},"a":{"a":0,"k":[0,0],"ix":1},"s":{"a":0,"k":[100,100],"ix":3},"r":{"a":0,"k":0,"ix":6},"o":{"a":0,"k":100,"ix":7},"sk":{"a":0,"k":0,"ix":4},"sa":{"a":0,"k":0,"ix":5},"nm":"Transform"}],"nm":"Group 7","np":4,"cix":2,"bm":0,"ix":7,"mn":"ADBE Vector Group","hd":false},{"ty":"gr","it":[{"ind":0,"ty":"sh","ix":1,"ks":{"a":0,"k":{"i":[[0,0],[0,0],[0,0],[0,0]],"o":[[0,0],[0,0],[0,0],[0,0]],"v":[[-7.526,-54.827],[7.526,-54.827],[7.526,54.827],[-7.526,54.827]],"c":true},"ix":2},"nm":"Path 1","mn":"ADBE Vector Shape - Group","hd":false},{"ty":"fl","c":{"a":0,"k":[0.91323780733,0.919146489162,0.948588591931,1],"ix":4},"o":{"a":0,"k":100,"ix":5},"r":1,"bm":0,"nm":"Fill 1","mn":"ADBE Vector Graphic - Fill","hd":false},{"ty":"tr","p":{"a":0,"k":[31.851,81.596],"ix":2},"a":{"a":0,"k":[0,0],"ix":1},"s":{"a":0,"k":[100,100],"ix":3},"r":{"a":0,"k":0,"ix":6},"o":{"a":0,"k":100,"ix":7},"sk":{"a":0,"k":0,"ix":4},"sa":{"a":0,"k":0,"ix":5},"nm":"Transform"}],"nm":"Group 8","np":2,"cix":2,"bm":0,"ix":8,"mn":"ADBE Vector Group","hd":false},{"ty":"gr","it":[{"ind":0,"ty":"sh","ix":1,"ks":{"a":0,"k":{"i":[[0,0],[0,0],[0,0],[0,0]],"o":[[0,0],[0,0],[0,0],[0,0]],"v":[[-9.79,65.69],[9.785,65.69],[9.785,-65.69],[-9.79,-65.69]],"c":true},"ix":2},"nm":"Path 1","mn":"ADBE Vector Shape - Group","hd":false},{"ind":1,"ty":"sh","ix":2,"ks":{"a":0,"k":{"i":[[0,0],[0,0],[0,0],[0,0]],"o":[[0,0],[0,0],[0,0],[0,0]],"v":[[12.788,68.69],[-12.788,68.69],[-12.788,-68.69],[12.788,-68.69]],"c":true},"ix":2},"nm":"Path 2","mn":"ADBE Vector Shape - Group","hd":false},{"ty":"mm","mm":1,"nm":"Merge Paths 1","mn":"ADBE Vector Filter - Merge","hd":false},{"ty":"fl","c":{"a":0,"k":[0.854332359164,0.858271879308,0.905879480699,1],"ix":4},"o":{"a":0,"k":100,"ix":5},"r":1,"bm":0,"nm":"Fill 1","mn":"ADBE Vector Graphic - Fill","hd":false},{"ty":"tr","p":{"a":0,"k":[13.038,69.233],"ix":2},"a":{"a":0,"k":[0,0],"ix":1},"s":{"a":0,"k":[100,100],"ix":3},"r":{"a":0,"k":0,"ix":6},"o":{"a":0,"k":100,"ix":7},"sk":{"a":0,"k":0,"ix":4},"sa":{"a":0,"k":0,"ix":5},"nm":"Transform"}],"nm":"Group 9","np":4,"cix":2,"bm":0,"ix":9,"mn":"ADBE Vector Group","hd":false},{"ty":"gr","it":[{"ind":0,"ty":"sh","ix":1,"ks":{"a":0,"k":{"i":[[0,0],[0,0],[0,0],[0,0]],"o":[[0,0],[0,0],[0,0],[0,0]],"v":[[-11.288,-67.19],[11.288,-67.19],[11.288,67.19],[-11.288,67.19]],"c":true},"ix":2},"nm":"Path 1","mn":"ADBE Vector Shape - Group","hd":false},{"ty":"fl","c":{"a":0,"k":[0.962932272518,0.96741769828,0.981589882047,1],"ix":4},"o":{"a":0,"k":100,"ix":5},"r":1,"bm":0,"nm":"Fill 1","mn":"ADBE Vector Graphic - Fill","hd":false},{"ty":"tr","p":{"a":0,"k":[13.035,69.233],"ix":2},"a":{"a":0,"k":[0,0],"ix":1},"s":{"a":0,"k":[100,100],"ix":3},"r":{"a":0,"k":0,"ix":6},"o":{"a":0,"k":100,"ix":7},"sk":{"a":0,"k":0,"ix":4},"sa":{"a":0,"k":0,"ix":5},"nm":"Transform"}],"nm":"Group 10","np":2,"cix":2,"bm":0,"ix":10,"mn":"ADBE Vector Group","hd":false}],"ip":0,"op":100,"st":0,"bm":0}],"markers":[]}